"","id","order","afr","dob","aoc","absw95","absw98","absw00","absw02","absw04","absw06","absw10","age_absw95","age_absw98","age_absw00","age_absw02","age_absw04","age_absw06","age_absw10"
"1",111,20,NA,1996,14,NA,517.87,529.16,945.88,1779.7,4974.61,13901.33,NA,2,4,6,8,10,14
"2",109,8,NA,1993,17,545.35,517.87,529.16,945.88,1779.7,3928.41,13901.33,2,5,7,9,11,13,17
"3",213,30,NA,1998,12,NA,54.55,67.88,344.55,NA,NA,219.34,NA,0,2,4,6,8,12
"4",309,48,NA,1996,14,NA,326.38,281.13,253.59,581.24,349.57,1614.97,NA,2,4,6,8,10,14
"5",311,51,NA,2002,8,NA,NA,NA,253.59,581.24,349.57,1614.97,NA,NA,NA,0,2,4,8
"6",310,49,NA,2000,10,NA,NA,NA,253.59,581.24,349.57,1614.97,NA,NA,0,2,4,6,10
"7",406,61,19.1694444444444,1993,NA,127.4,218.6,402.67,411.95,305.96,133.24,NA,2,5,7,9,11,13,17
"8",606,105,17.4166666666667,1992,NA,434.2,422.57,671.13,1954.89,2376.07,2958.41,4210.85,3,6,8,10,12,14,18
"9",607,107,17,1994,NA,434.2,422.57,671.13,1954.89,2376.07,2958.41,4210.85,1,4,6,8,10,12,16
"10",615,115,NA,2001,9,NA,NA,NA,1954.89,NA,2958.41,4210.85,NA,NA,NA,1,3,5,9
"11",613,114,NA,1999,11,NA,NA,NA,1954.89,2376.07,2958.41,4210.85,NA,NA,1,3,5,7,11
"12",612,113,NA,1999,11,NA,NA,671.13,1954.89,2376.07,2958.41,4210.85,NA,NA,1,3,5,7,11
"13",1014,158,NA,2002,8,NA,NA,NA,1399.56,1989.8,2520.56,6741.51,NA,NA,NA,0,2,4,8
"14",1005,152,NA,1989,21,680.55,885.91,1223.02,1399.56,1989.8,2520.56,6741.51,6,9,11,13,15,17,21
"15",6403,194,17.3277777777778,1987,NA,35.1,407.89,130.03,1263.67,2178.3,NA,3424.19,8,11,13,15,17,19,23
"16",1203,189,NA,1992,18,35.1,NA,NA,NA,NA,2869.25,3424.19,3,6,8,10,12,14,18
"17",24703,185,NA,1998,12,NA,538.93,60.44,70.62,2136.74,2869.25,3424.19,NA,0,2,4,6,8,12
"18",1507,217,NA,1988,22,254.8,272.56,281.96,231.12,1021.44,2787.43,7374.93,7,10,12,14,16,18,22
"19",1508,218,NA,1991,19,254.8,272.56,281.96,231.12,1021.44,2787.43,7374.93,4,7,9,11,13,15,19
"20",1506,215,27,1985,NA,254.8,272.56,281.96,231.12,1021.44,2787.43,7374.93,10,13,15,17,19,21,25
"21",1608,229,NA,1998,12,NA,247.85,295.41,269.64,1348.03,2517.55,7030.1,NA,0,2,4,6,8,12
"22",1808,261,NA,1997,13,NA,603.51,804.56,1014.36,1410.02,2559.48,4609.43,NA,1,3,5,7,9,13
"23",1812,265,NA,2002,8,NA,NA,NA,NA,1410.02,NA,4609.43,NA,NA,NA,0,2,4,8
"24",1811,264,NA,2001,9,NA,NA,NA,1014.36,1410.02,2559.48,4609.43,NA,NA,NA,1,3,5,9
"25",1907,280,NA,1994,16,625.95,901.51,1117.44,659.12,623.38,642.86,4344.55,1,4,6,8,10,12,16
"26",2120,312,15,1996,NA,NA,NA,NA,NA,NA,NA,1656.49,NA,2,4,6,8,10,14
"27",2108,301,15.2333333333333,1987,NA,142.35,284.26,NA,NA,226.83,NA,1656.49,8,11,13,15,17,19,23
"28",2706,362,NA,1999,11,NA,NA,60.44,835.67,NA,359.31,505.66,NA,NA,1,3,5,7,11
"29",2704,360,17.0305555555556,1997,NA,NA,378.25,60.44,835.67,294.8,359.31,505.66,NA,1,3,5,7,9,13
"30",2708,364,NA,2001,9,NA,NA,NA,835.67,294.8,359.31,505.66,NA,NA,NA,1,3,5,9
"31",2816,378,NA,1993,17,287.95,321.17,NA,854.94,NA,1608.92,NA,2,5,7,9,11,13,17
"32",2906,419,NA,1996,14,NA,141.52,203.01,231.12,295.02,526.11,4881.45,NA,2,4,6,8,10,14
"33",2905,417,19.7722222222222,1993,NA,135.2,141.52,203.01,231.12,295.02,526.11,4881.45,2,5,7,9,11,13,17
"34",2907,420,NA,1998,12,NA,NA,203.01,231.12,295.02,526.11,4881.45,NA,0,2,4,6,8,12
"35",3005,428,17.5305555555556,1980,NA,283.4,172.58,209.23,NA,NA,NA,634.02,15,18,20,22,24,26,30
"36",3108,445,18.9166666666667,1982,NA,40.95,NA,NA,NA,NA,2273.13,5004.17,13,16,18,20,22,24,28
"37",4004,528,NA,1995,15,118.3,49.09,60.44,177.62,437.4,549.74,1267.19,0,3,5,7,9,11,15
"38",4005,529,NA,1998,12,NA,49.09,60.44,177.62,437.4,549.74,1267.19,NA,0,2,4,6,8,12
"39",4007,530,NA,2000,10,NA,NA,60.44,177.62,437.4,549.74,1267.19,NA,NA,0,2,4,6,10
"40",4105,544,NA,1996,14,NA,339.11,358.21,468.66,2155.98,955.6,10689.11,NA,2,4,6,8,10,14
"41",4107,546,NA,2001,9,NA,NA,NA,468.66,2155.98,955.6,10689.11,NA,NA,NA,1,3,5,9
"42",4104,542,20.6972222222222,1993,NA,184.6,339.11,358.21,468.66,2155.98,955.6,10689.11,2,5,7,9,11,13,17
"43",4207,557,NA,1996,14,NA,73.27,60.44,70.62,84.23,109.61,518.14,NA,2,4,6,8,10,14
"44",4212,561,NA,2002,8,NA,NA,NA,70.62,84.23,109.61,518.14,NA,NA,NA,0,2,4,8
"45",4411,591,20.2444444444444,1994,NA,171.6,127.48,339.44,632.37,1322.98,2413.73,3245.75,1,4,6,8,10,12,16
"46",4410,590,NA,1994,16,171.6,127.48,339.44,632.37,1322.98,2413.73,3245.75,1,4,6,8,10,12,16
"47",5306,668,NA,1996,14,NA,864.85,1158.56,144.45,122.67,619.24,3234.75,NA,2,4,6,8,10,14
"48",5428,685,NA,1999,11,NA,NA,60.44,70.62,749.88,1284.64,960.25,NA,NA,1,3,5,7,11
"49",5411,676,NA,1997,13,NA,76.39,60.44,NA,749.88,1284.64,960.25,NA,1,3,5,7,9,13
"50",5433,688,NA,2002,8,NA,NA,NA,70.62,749.88,1284.64,960.25,NA,NA,NA,0,2,4,8
"51",5425,683,16.8138888888889,1992,NA,NA,NA,NA,NA,NA,NA,960.25,3,6,8,10,12,14,18
"52",5609,710,15.2777777777778,1987,NA,58.5,302.59,134.84,439.77,84.23,99.87,2264.64,8,11,13,15,17,19,23
"53",6021,770,NA,2001,9,NA,NA,NA,949.09,2054.83,3468.52,3718.62,NA,NA,NA,1,3,5,9
"54",6012,768,16.5361111111111,1998,NA,NA,326.77,479.12,949.09,2054.83,3468.52,3718.62,NA,0,2,4,6,8,12
"55",6005,765,20.0277777777778,1993,NA,59.15,326.77,479.12,949.09,2054.83,3468.52,3718.62,2,5,7,9,11,13,17
"56",6006,767,NA,1994,16,59.15,326.77,479.12,949.09,2054.83,3468.52,3718.62,1,4,6,8,10,12,16
"57",6004,774,NA,1991,19,59.15,326.77,479.12,949.09,2054.83,510.82,3718.62,4,7,9,11,13,15,19
"58",6208,792,18.7555555555556,1995,NA,46.8,57.28,79.04,70.62,106.55,359.31,767.72,0,3,5,7,9,11,15
"59",6205,789,20.6472222222222,1987,NA,46.8,57.28,79.04,70.62,106.55,359.31,767.72,8,11,13,15,17,19,23
"60",6308,808,20.8472222222222,1978,NA,35.1,62.74,71.6,121.98,112.13,99.87,808.74,17,20,22,24,26,28,32
"61",6508,822,NA,1998,12,NA,NA,75.32,376.64,470.25,559.45,2483.2,NA,0,2,4,6,8,12
"62",6504,820,NA,1994,16,74.1,76.39,75.32,376.64,470.25,559.45,2483.2,1,4,6,8,10,12,16
"63",6707,841,17.2222222222222,1992,NA,166.4,136.45,NA,NA,NA,349.57,2218.23,3,6,8,10,12,14,18
"64",11421,851,18.4166666666667,1988,NA,NA,905.37,899.42,247.17,1027.64,699.86,181.9,7,10,12,14,16,18,22
"65",6317,853,NA,1999,11,NA,NA,71.6,121.98,112.13,99.87,181.9,NA,NA,1,3,5,7,11
"66",6914,874,NA,1998,12,NA,373.18,228.65,269.64,351.84,730.45,169.42,NA,0,2,4,6,8,12
"67",7406,901,19.6583333333333,1982,NA,123.5,178.04,NA,327.42,91.67,99.87,568.06,13,16,18,20,22,24,28
"68",7517,924,NA,2000,10,NA,NA,NA,360.6,313.4,382.94,1445.76,NA,NA,0,2,4,6,10
"69",7508,917,NA,1998,12,NA,205.73,227.83,360.6,313.4,382.94,1445.76,NA,0,2,4,6,8,12
"70",8010,977,NA,1998,12,NA,51.82,60.44,150.87,578.14,1009.82,1768.74,NA,0,2,4,6,8,12
"71",8206,995,NA,1993,17,35.1,49.09,60.44,93.09,111.51,99.87,159.75,2,5,7,9,11,13,17
"72",8306,1016,19.3222222222222,1992,NA,80.6,NA,157.16,420.51,84.23,99.87,505.66,3,6,8,10,12,14,18
"73",9503,1052,23.8111111111111,1974,NA,37.05,NA,74.87,NA,NA,NA,1826.03,21,24,26,28,30,32,36
"74",9605,1089,17.0277777777778,1992,NA,35.1,60.01,NA,93.09,118.95,137.41,614.33,3,6,8,10,12,14,18
"75",9611,1098,NA,2001,9,NA,NA,NA,93.09,118.95,137.41,614.33,NA,NA,NA,1,3,5,9
"76",9615,1087,NA,1987,23,NA,NA,NA,NA,NA,NA,614.33,8,11,13,15,17,19,23
"77",9607,1095,NA,1997,13,NA,60.01,NA,93.09,118.95,137.41,614.33,NA,1,3,5,7,9,13
"78",18805,1132,21.8222222222222,1976,NA,74.1,52.21,NA,376.64,NA,NA,505.66,19,22,24,26,28,30,34
"79",9803,1124,19.7166666666667,1986,NA,44.85,57.28,60.44,247.17,568.21,NA,505.66,9,12,14,16,18,20,24
"80",9814,1128,NA,2000,10,NA,NA,60.44,247.17,568.21,NA,505.66,NA,NA,0,2,4,6,10
"81",9805,1126,16.9333333333333,1993,NA,44.85,57.28,60.44,247.17,568.21,642.86,505.66,2,5,7,9,11,13,17
"82",10109,1182,20.2527777777778,1984,NA,80.6,92.38,71.6,326.35,2057.38,442.72,1754.9,11,14,16,18,20,22,26
"83",505,1183,17.8388888888889,1985,NA,631.8,746.25,1622.78,1774.06,NA,NA,1754.9,10,13,15,17,19,21,25
"84",10111,1178,16.7694444444444,1992,NA,80.6,92.38,71.6,326.35,583.08,NA,1754.9,3,6,8,10,12,14,18
"85",10205,1194,17,1984,NA,40.95,49.09,60.44,200.09,NA,300.04,1100.62,11,14,16,18,20,22,26
"86",6409,1201,NA,1999,11,NA,NA,130.03,177.62,NA,1990.27,1100.62,NA,NA,1,3,5,7,11
"87",6405,1199,NA,1995,15,80.6,407.89,130.03,177.62,NA,1990.27,1100.62,0,3,5,7,9,11,15
"88",8207,1212,16.9388888888889,1996,NA,NA,49.09,60.44,93.09,111.51,382.94,505.66,NA,2,4,6,8,10,14
"89",11207,1301,NA,1998,12,NA,57.28,67.88,83.46,84.23,169.37,NA,NA,0,2,4,6,8,12
"90",11206,1300,NA,1994,16,35.1,57.28,67.88,83.46,84.23,169.37,NA,1,4,6,8,10,12,16
"91",11305,1318,NA,1995,15,107.25,140.35,60.44,70.62,147.47,140.19,2371.45,0,3,5,7,9,11,15
"92",11303,1315,22.4333333333333,1990,NA,107.25,140.35,60.44,70.62,147.47,140.19,2371.45,5,8,10,12,14,16,20
"93",8103,1384,17.1305555555556,1981,NA,103.35,51.82,NA,101.65,322.08,99.87,144.46,14,17,19,21,23,25,29
"94",11810,1425,13.575,1993,NA,35.1,129.43,60.44,70.62,84.23,349.57,144.46,2,5,7,9,11,13,17
"95",12203,1456,20.8194444444444,1982,NA,148.85,364.99,244.58,NA,328.28,NA,169.42,13,16,18,20,22,24,28
"96",12309,1491,18.9583333333333,1990,NA,56.55,93.16,95.19,70.62,128.25,268.06,144.46,5,8,10,12,14,16,20
"97",12313,1487,NA,1997,13,NA,93.16,95.19,105.93,128.25,268.06,144.46,NA,1,3,5,7,9,13
"98",21903,1495,NA,1997,13,NA,49.09,234.82,74.9,141.89,99.87,144.46,NA,1,3,5,7,9,13
"99",24903,1571,15.9166666666667,1985,NA,NA,NA,265.03,326.35,822.03,1990.27,3909.39,10,13,15,17,19,21,25
"100",13306,1655,18.0222222222222,1991,NA,44.85,90.04,132.98,331.7,694.31,448.75,933.75,4,7,9,11,13,15,19
"101",13303,1652,19.1416666666667,1978,NA,44.85,90.04,132.98,331.7,NA,448.75,933.75,17,20,22,24,26,28,32
"102",13310,1660,NA,1997,13,NA,90.04,132.98,331.7,694.31,448.75,933.75,NA,1,3,5,7,9,13
"103",13307,1657,NA,1993,17,44.85,90.04,132.98,331.7,NA,448.75,933.75,2,5,7,9,11,13,17
"104",13403,1674,15.5555555555556,1995,NA,35.1,106.03,60.44,70.62,100.97,116.56,1021.18,0,3,5,7,9,11,15
"105",13506,1690,NA,2000,10,NA,NA,NA,NA,NA,NA,505.66,NA,NA,0,2,4,6,10
"106",13502,1685,18.3333333333333,1977,NA,35.1,NA,NA,NA,NA,NA,505.66,18,21,23,25,27,29,33
"107",13505,1689,NA,1998,12,NA,NA,NA,NA,NA,NA,505.66,NA,0,2,4,6,8,12
"108",13704,1703,16.1638888888889,1994,NA,40.95,54.55,79.04,92.02,125.15,99.87,975.82,1,4,6,8,10,12,16
"109",7205,1714,15.5972222222222,1995,NA,142.35,269.3,209.23,113.42,128.25,382.94,975.82,0,3,5,7,9,11,15
"110",13921,1741,NA,2001,9,NA,NA,NA,NA,NA,2010.43,4815.65,NA,NA,NA,1,3,5,9
"111",13920,1740,NA,1998,12,NA,NA,NA,NA,NA,2010.43,4815.65,NA,0,2,4,6,8,12
"112",13919,1739,NA,1996,14,NA,NA,NA,NA,NA,2010.43,4815.65,NA,2,4,6,8,10,14
"113",14104,1777,20.6388888888889,1990,NA,47.45,114.61,189.55,240.75,539.08,712.35,1449.27,5,8,10,12,14,16,20
"114",14105,1779,18.3111111111111,1992,NA,47.45,114.61,189.55,240.75,539.08,712.35,1449.27,3,6,8,10,12,14,18
"115",14106,1782,18.4277777777778,1995,NA,47.45,114.61,189.55,240.75,539.08,712.35,1449.27,0,3,5,7,9,11,15
"116",14211,1803,17.1055555555556,1987,NA,NA,259.69,NA,247.17,294.8,99.87,1634.78,8,11,13,15,17,19,23
"117",15009,1853,18.6527777777778,1990,NA,35.1,90.04,63.71,111.28,91.67,238.87,263.15,5,8,10,12,14,16,20
"118",15006,1846,19.3361111111111,1982,NA,35.1,90.04,63.71,111.28,NA,NA,263.15,13,16,18,20,22,24,28
"119",15007,1851,19.6611111111111,1985,NA,35.1,90.04,63.71,111.28,NA,238.87,263.15,10,13,15,17,19,21,25
"120",15005,1870,18.6611111111111,1980,NA,35.1,NA,NA,NA,91.67,99.87,263.15,15,18,20,22,24,26,30
"121",15216,1917,NA,1989,21,NA,NA,NA,239.68,84.23,99.87,235.38,6,9,11,13,15,17,21
"122",15210,1924,20.4944444444444,1989,NA,63.7,NA,NA,239.68,84.23,99.87,235.38,6,9,11,13,15,17,21
"123",15217,1918,NA,1990,20,NA,NA,NA,NA,84.23,99.87,235.38,5,8,10,12,14,16,20
"124",15325,1943,NA,2000,10,NA,NA,NA,70.62,84.23,99.87,144.46,NA,NA,0,2,4,6,10
"125",15408,1966,NA,1995,15,37.7,73.66,67.88,70.62,118.95,429.31,2419.83,0,3,5,7,9,11,15
"126",27002,1988,16.75,1993,NA,NA,NA,NA,247.17,329.52,NA,2419.83,2,5,7,9,11,13,17
"127",15602,2023,18.5416666666667,1977,NA,142.35,57.67,337.76,466.52,202.02,540.51,256.78,18,21,23,25,27,29,33
"128",15803,2039,NA,1994,16,35.1,62.35,NA,376.64,444.84,238.87,1499.24,1,4,6,8,10,12,16
"129",16103,2077,14.8,1983,NA,35.1,NA,NA,300.67,379.73,NA,3088,12,15,17,19,21,23,27
"130",16405,2147,NA,2000,10,NA,NA,75.32,79.18,294.8,530.77,1939.73,NA,NA,0,2,4,6,10
"131",16402,2144,20.1694444444444,1985,NA,61.1,89.65,75.32,79.18,NA,NA,1939.73,10,13,15,17,19,21,25
"132",16216,2148,NA,1997,13,NA,106.03,NA,NA,294.8,530.77,1939.73,NA,1,3,5,7,9,13
"133",17004,2224,NA,1998,12,NA,175.31,240.26,247.17,300.38,620.62,505.66,NA,0,2,4,6,8,12
"134",17002,2223,19.3138888888889,1976,NA,NA,175.31,240.26,247.17,300.38,620.62,505.66,19,22,24,26,28,30,34
"135",17104,2239,NA,1996,14,NA,54.94,60.44,121.98,294.8,283.36,NA,NA,2,4,6,8,10,14
"136",17107,2242,NA,2001,9,NA,NA,NA,121.98,294.8,283.36,NA,NA,NA,NA,1,3,5,9
"137",17904,2291,17.5861111111111,1996,NA,NA,934.27,1127.01,854.94,84.23,2148.03,2347.41,NA,2,4,6,8,10,14
"138",17905,2293,NA,1998,12,NA,934.27,1127.01,854.94,84.23,2148.03,2347.41,NA,0,2,4,6,8,12
"139",2830,2294,NA,2001,9,NA,NA,NA,854.94,84.23,2148.03,2347.41,NA,NA,NA,1,3,5,9
"140",18102,2324,19.4833333333333,1977,NA,NA,172.58,209.23,70.62,294.8,349.57,3606.05,18,21,23,25,27,29,33
"141",18204,2336,NA,1997,13,NA,73.66,60.44,NA,2178.3,432.98,908.86,NA,1,3,5,7,9,13
"142",18408,2353,20.1722222222222,1993,NA,NA,1291.12,1232.32,1366.39,1906.65,4699.87,9342.7,2,5,7,9,11,13,17
"143",18405,2347,20.4222222222222,1985,NA,NA,1291.12,1232.32,1366.39,1906.65,4699.87,9342.7,10,13,15,17,19,21,25
"144",18407,2348,15.6666666666667,1991,NA,NA,1291.12,1232.32,1366.39,1906.65,4699.87,9342.7,4,7,9,11,13,15,19
"145",18804,2384,NA,1996,14,NA,52.21,60.44,247.17,322.31,109.61,197.94,NA,2,4,6,8,10,14
"146",19007,2394,NA,2000,10,NA,NA,NA,842.09,1880.69,1572.36,3954.13,NA,NA,0,2,4,6,10
"147",19505,2444,NA,1993,17,NA,942.46,1147.2,383.06,1882.55,1538.11,33886.77,2,5,7,9,11,13,17
"148",3603,2435,NA,1997,13,NA,49.09,64.16,383.06,1882.55,11306.74,33886.77,NA,1,3,5,7,9,13
"149",19507,2433,NA,1999,11,NA,NA,1147.2,383.06,1882.55,11306.74,33886.77,NA,NA,1,3,5,7,11
"150",10206,2439,NA,1995,15,40.95,49.09,60.44,200.09,251.63,2043.77,33886.77,0,3,5,7,9,11,15
"151",19503,2427,NA,1996,14,NA,942.46,1147.2,383.06,1882.55,11306.74,33886.77,NA,2,4,6,8,10,14
"152",10208,2440,NA,1993,17,NA,49.09,NA,NA,251.63,2043.77,33886.77,2,5,7,9,11,13,17
"153",19605,2468,NA,1999,11,NA,NA,1128.16,1399.56,2137.37,3364.27,5095.44,NA,NA,1,3,5,7,11
"154",19606,2469,NA,2002,8,NA,NA,NA,1399.56,2137.37,3364.27,5095.44,NA,NA,NA,0,2,4,8
"155",19603,2466,NA,1995,15,35.1,906.97,1128.16,1399.56,2137.37,3364.27,5095.44,0,3,5,7,9,11,15
"156",19602,2465,17.7777777777778,1978,NA,35.1,906.97,1128.16,1399.56,2137.37,3364.27,5095.44,17,20,22,24,26,28,32
"157",19803,2476,17.9583333333333,1995,NA,NA,110.71,1127.01,NA,NA,NA,197.94,0,3,5,7,9,11,15
"158",19802,2475,16.875,1979,NA,40.95,110.71,1127.01,NA,NA,NA,197.94,16,19,21,23,25,27,31
"159",2831,2479,NA,1999,11,NA,NA,NA,NA,NA,NA,197.94,NA,NA,1,3,5,7,11
"160",20203,2515,NA,1996,14,NA,49.09,60.44,87.74,84.23,99.87,269.26,NA,2,4,6,8,10,14
"161",20205,2517,NA,1999,11,NA,NA,60.44,87.74,84.23,99.87,269.26,NA,NA,1,3,5,7,11
"162",20202,2513,17.9305555555556,1979,NA,NA,49.09,60.44,87.74,84.23,99.87,269.26,16,19,21,23,25,27,31
"163",20404,2539,NA,1997,13,NA,129.43,339.44,70.62,152.43,2120.94,6571.19,NA,1,3,5,7,9,13
"164",20602,2547,18.7972222222222,1977,NA,35.1,183.11,306.57,269.64,464.67,2577.33,8429.23,18,21,23,25,27,29,33
"165",20604,2549,NA,1997,13,NA,183.11,306.57,269.64,464.67,2577.33,8429.23,NA,1,3,5,7,9,13
"166",20606,2551,NA,2002,8,NA,NA,NA,269.64,464.67,2577.33,8429.23,NA,NA,NA,0,2,4,8
"167",21211,2580,NA,1997,13,NA,57.28,NA,NA,NA,NA,773.07,NA,1,3,5,7,9,13
"168",21305,2601,NA,1996,14,NA,76.39,100.91,100.58,117.71,144.36,197.94,NA,2,4,6,8,10,14
"169",21306,2602,NA,1998,12,NA,76.39,100.91,100.58,117.71,144.36,197.94,NA,0,2,4,6,8,12
"170",21304,2600,NA,1991,19,NA,76.39,100.91,100.58,117.71,144.36,197.94,4,7,9,11,13,15,19
"171",21405,2619,NA,1997,13,NA,62.74,63.71,74.9,112.13,NA,502.79,NA,1,3,5,7,9,13
"172",21807,2644,20,1988,NA,NA,132.94,87.75,NA,NA,NA,1458.95,7,10,12,14,16,18,22
"173",21806,2643,NA,1996,14,NA,132.94,87.75,NA,NA,212.46,1458.95,NA,2,4,6,8,10,14
"174",22402,2705,20.5833333333333,1978,NA,119.6,54.55,67.88,93.09,294.8,382.94,284.55,17,20,22,24,26,28,32
"175",6912,2725,18.0833333333333,1985,NA,226.2,373.18,234.82,NA,152.42,2134.13,3910.81,10,13,15,17,19,21,25
"176",23311,2771,NA,1992,18,NA,NA,NA,NA,NA,NA,5996.15,3,6,8,10,12,14,18
"177",23305,2773,NA,1997,13,NA,NA,172.04,74.9,350.6,962.55,5996.15,NA,1,3,5,7,9,13
"178",23402,2781,18.1222222222222,1977,NA,226.2,373.18,228.65,269.64,351.84,730.45,4542.71,18,21,23,25,27,29,33
"179",6910,2782,NA,1995,15,226.2,373.18,228.65,269.64,351.84,730.45,4542.71,0,3,5,7,9,11,15
"180",23702,2791,22.5722222222222,1976,NA,48.75,65.47,60.44,247.17,130.11,99.87,2690.87,19,22,24,26,28,30,34
"181",23802,2802,19,1979,NA,NA,NA,231.1,247.17,472.12,1472.29,3202.85,16,19,21,23,25,27,31
"182",11429,2810,16.4166666666667,1983,NA,61.1,86.92,231.1,247.17,294.8,142.96,3202.85,12,15,17,19,21,23,27
"183",24207,2850,19.7888888888889,1982,NA,NA,NA,NA,NA,NA,NA,1632.63,13,16,18,20,22,24,28
"184",24502,2877,17.3,1981,NA,127.4,218.6,60.44,1457.34,472.12,559.45,1254.71,14,17,19,21,23,25,29
"185",24505,2880,NA,2001,9,NA,NA,NA,1457.34,472.12,559.45,1254.71,NA,NA,NA,1,3,5,9
"186",24807,2925,16.8333333333333,1996,NA,NA,NA,67.88,206.51,472.12,698.45,1757.75,NA,2,4,6,8,10,14
"187",5010,2941,NA,1998,12,NA,51.82,76.14,945.88,147.47,927.81,5092.71,NA,0,2,4,6,8,12
"188",25102,2938,19.3944444444444,1976,NA,119.6,65.47,154.06,87.74,147.47,927.81,5092.71,19,22,24,26,28,30,34
"189",25202,2948,17,1980,NA,NA,NA,235.27,456.89,886.27,1087.65,891.75,15,18,20,22,24,26,30
"190",25203,2949,NA,1999,11,NA,NA,235.27,456.89,886.27,1087.65,891.75,NA,NA,1,3,5,7,11
"191",25302,2958,30.4166666666667,1969,NA,NA,76.39,NA,70.62,NA,NA,144.46,26,29,31,33,35,37,41
"192",25403,2966,NA,1998,12,NA,NA,175.76,87.74,362.99,829.13,2680.32,NA,0,2,4,6,8,12
"193",25602,2975,19.6611111111111,1977,NA,39,51.82,76.14,99.51,329.52,392.66,841.83,18,21,23,25,27,29,33
"194",11423,2998,NA,1997,13,NA,905.37,NA,NA,NA,NA,5422.55,NA,1,3,5,7,9,13
"195",25702,2997,19.0611111111111,1978,NA,189.15,905.37,NA,NA,NA,NA,5422.55,17,20,22,24,26,28,32
"196",25703,2999,NA,1999,11,NA,NA,NA,NA,NA,NA,5422.55,NA,NA,1,3,5,7,11
"197",26402,3044,21.7694444444444,1981,NA,NA,NA,NA,70.62,1278.59,2143.85,3660.91,14,17,19,21,23,25,29
"198",8305,1015,14.0666666666667,1989,NA,80.6,NA,NA,420.51,113.99,99.87,649.31,6,9,11,13,15,17,21
"199",8318,3054,NA,2000,10,NA,NA,157.16,420.51,113.99,149.91,649.31,NA,NA,0,2,4,6,10
"200",5012,3053,NA,1997,13,NA,51.82,157.16,70.62,113.99,NA,649.31,NA,1,3,5,7,9,13
"201",27003,3098,16.1666666666667,1995,NA,NA,NA,NA,247.17,329.52,NA,505.66,0,3,5,7,9,11,15
"202",4417,3111,NA,2000,10,NA,NA,NA,632.37,1322.98,2413.73,4639.01,NA,NA,0,2,4,6,10
"203",5704,3103,19.6916666666667,1980,NA,41.6,132.94,537.87,200.09,84.23,1176.71,4639.01,15,18,20,22,24,26,30
"204",4415,3110,NA,1999,11,NA,NA,339.44,NA,1322.98,2413.73,4639.01,NA,NA,1,3,5,7,11
"205",104,3114,17.2666666666667,1978,NA,545.35,517.87,529.16,177.62,226.83,4974.61,7169.24,17,20,22,24,26,28,32
"206",7115,3125,18.6666666666667,1982,NA,NA,NA,318.98,195.81,91.67,142.96,802.74,13,16,18,20,22,24,28
"207",28103,3166,22.5833333333333,1986,NA,NA,NA,NA,NA,NA,NA,1820.15,9,12,14,16,18,20,24
"208",28401,3187,17.3277777777778,1985,NA,NA,NA,NA,206.51,1065.31,NA,661.47,10,13,15,17,19,21,25
"209",7111,3193,22.6472222222222,1985,NA,40.95,54.55,318.98,269.64,84.23,3916.8,12527.68,10,13,15,17,19,21,25
"210",28604,3197,18.1444444444444,1992,NA,NA,NA,NA,NA,NA,NA,12527.68,3,6,8,10,12,14,18
"211",5410,3238,NA,1996,14,NA,76.39,60.44,70.62,219.39,546.06,1582.43,NA,2,4,6,8,10,14
"212",5005,3251,18.6222222222222,1980,NA,39,51.82,71.6,74.9,294.8,533.06,1120.85,15,18,20,22,24,26,30
"213",23202,3252,NA,2002,8,NA,NA,NA,74.9,294.8,533.06,1120.85,NA,NA,NA,0,2,4,8
"214",5009,3254,NA,1998,12,NA,51.82,71.6,74.9,294.8,533.06,1120.85,NA,0,2,4,6,8,12
"215",29706,3265,NA,1997,13,NA,NA,NA,NA,84.23,349.57,1826.92,NA,1,3,5,7,9,13
"216",13606,3287,20.1666666666667,1977,NA,67.6,130.21,67.88,301.74,111.51,142.96,213.23,18,21,23,25,27,29,33
"217",5608,3301,21.7722222222222,1978,NA,58.5,NA,NA,NA,91.67,99.87,222.9,17,20,22,24,26,28,32
"218",30303,3303,NA,2001,9,NA,NA,NA,NA,91.67,99.87,222.9,NA,NA,NA,1,3,5,9
"219",30507,3346,19.5166666666667,1990,NA,NA,NA,NA,NA,NA,99.87,159.75,5,8,10,12,14,16,20
"220",5403,3362,15.0805555555556,1986,NA,35.1,76.39,60.44,70.62,84.23,109.61,197.94,9,12,14,16,18,20,24
"221",30801,3368,17.2972222222222,1983,NA,NA,NA,NA,NA,294.8,NA,585.1,12,15,17,19,21,23,27
"222",14613,3414,NA,1998,12,NA,NA,67.88,NA,NA,99.87,540.23,NA,0,2,4,6,8,12
"223",14608,3410,NA,1995,15,35.1,NA,67.88,NA,NA,99.87,540.23,0,3,5,7,9,11,15
"224",11809,3426,19.2416666666667,1985,NA,35.1,129.43,60.44,70.62,226.83,238.87,1857.04,10,13,15,17,19,21,25
"225",11436,3433,NA,2001,9,NA,NA,NA,1796.53,84.23,142.96,275.63,NA,NA,NA,1,3,5,9
"226",11420,3432,15.6166666666667,1985,NA,NA,NA,67.88,1796.53,84.23,142.96,275.63,10,13,15,17,19,21,25
"227",8008,3439,17.6,1983,NA,35.1,51.82,60.44,572.45,150.57,162.41,1513.66,12,15,17,19,21,23,27
"228",31501,3447,13.4833333333333,1983,NA,NA,NA,NA,NA,328.28,NA,NA,12,15,17,19,21,23,27
"229",14908,3456,17.1638888888889,1984,NA,45.5,62.35,97.19,170.13,1027.64,699.86,565.19,11,14,16,18,20,22,26
"230",14907,3463,25.975,1980,NA,45.5,62.35,97.19,170.13,91.67,1314.23,565.19,15,18,20,22,24,26,30
"231",4203,3481,20.2666666666667,1982,NA,35.1,73.27,60.44,792.87,302.24,356.52,666.95,13,16,18,20,22,24,28
"232",6806,3500,19.8333333333333,1993,NA,427.7,825.97,600.02,692.29,440.11,4520.95,8938.69,2,5,7,9,11,13,17
"233",6805,3497,24.3333333333333,1987,NA,427.7,825.97,600.02,692.29,3423.55,4520.95,8938.69,8,11,13,15,17,19,23
"234",32501,3511,17.4583333333333,1986,NA,NA,NA,NA,114.49,265.26,351.45,723.85,9,12,14,16,18,20,24
"235",12907,3518,18.4666666666667,1981,NA,35.1,NA,178.39,NA,NA,300.04,615.11,14,17,19,21,23,25,29
"236",7108,3525,17.1638888888889,1986,NA,171.6,54.55,228.65,195.81,118.95,142.96,651.06,9,12,14,16,18,20,24
"237",14207,3562,15.1805555555556,1987,NA,126.1,259.69,265.04,605.62,300.38,683.17,3363.68,8,11,13,15,17,19,23
"238",33201,3570,28.6583333333333,1976,NA,NA,NA,NA,NA,472.12,580.3,939.87,19,22,24,26,28,30,34
"239",33302,3577,30.6888888888889,1972,NA,NA,NA,NA,NA,1834.82,1904.78,1641.91,23,26,28,30,32,34,38
"240",2411,3587,18.8305555555556,1989,NA,35.1,49.09,64.16,70.62,84.23,NA,505.66,6,9,11,13,15,17,21
"241",2412,3590,NA,1992,18,35.1,49.09,64.16,184.05,84.23,NA,505.66,3,6,8,10,12,14,18
"242",33502,3635,18.3555555555556,1978,NA,NA,NA,NA,NA,NA,434.88,3548.7,17,20,22,24,26,28,32
"243",33601,3643,19.075,1983,NA,NA,NA,NA,NA,NA,266.67,679.27,12,15,17,19,21,23,27
"244",4320,3651,18.4166666666667,1986,NA,NA,NA,NA,NA,84.23,382.94,533.43,9,12,14,16,18,20,24
"245",614,3659,19.9111111111111,1980,NA,NA,NA,NA,1954.89,NA,1215.77,1819.39,15,18,20,22,24,26,30
"246",10909,3667,18.9472222222222,1980,NA,35.1,122.02,79.04,74.9,140.03,169.37,197.94,15,18,20,22,24,26,30
"247",2615,3677,NA,2001,9,NA,NA,NA,349.89,NA,NA,960.25,NA,NA,NA,1,3,5,9
"248",34001,3675,17.0916666666667,1983,NA,NA,NA,NA,NA,NA,498.31,960.25,12,15,17,19,21,23,27
"249",3007,3686,14.7888888888889,1990,NA,283.4,172.58,209.23,247.17,333.86,2413.71,5872.55,5,8,10,12,14,16,20
"250",11203,3706,17.225,1986,NA,35.1,57.28,67.88,83.46,84.23,389.89,1416.95,9,12,14,16,18,20,24
"251",5303,3722,18.1305555555556,1984,NA,647.4,864.85,1158.56,144.45,122.67,99.87,810.51,11,14,16,18,20,22,26
"252",6809,3730,20.7388888888889,1984,NA,NA,825.97,600.02,692.29,3423.55,559.45,169.42,11,14,16,18,20,22,26
"253",5008,3744,17.9583333333333,1986,NA,39,51.82,64.16,128.4,NA,349.57,465.35,9,12,14,16,18,20,24
"254",1004,3761,17.6916666666667,1987,NA,680.55,885.91,1223.02,1399.56,1989.8,359.31,238.19,8,11,13,15,17,19,23
"255",32401,3768,18.2055555555556,1983,NA,NA,NA,NA,NA,440.11,3371.44,10304.25,12,15,17,19,21,23,27
"256",35203,3780,NA,2000,10,NA,NA,NA,NA,NA,NA,1781.07,NA,NA,0,2,4,6,10
"257",9603,3776,16.9055555555556,1987,NA,35.1,60.01,NA,93.09,118.95,349.57,1781.07,8,11,13,15,17,19,23
"258",10921,3784,NA,1999,11,NA,NA,79.04,74.9,140.03,349.57,559.14,NA,NA,1,3,5,7,11
"259",10919,3783,17,1978,NA,NA,NA,79.04,74.9,140.03,349.57,559.14,17,20,22,24,26,28,32
"260",6011,3788,17.75,1989,NA,NA,NA,NA,NA,397.71,584.47,159.75,6,9,11,13,15,17,21
"261",35701,3813,22.7166666666667,1983,NA,NA,NA,NA,NA,NA,960.29,1775.57,12,15,17,19,21,23,27
"262",14805,3820,17.05,1987,NA,103.35,NA,76.14,114.49,276.42,476.07,NA,8,11,13,15,17,19,23
"263",2304,3840,20.6,1985,NA,47.45,49.09,NA,NA,NA,NA,144.46,10,13,15,17,19,21,25
"264",14910,3848,NA,1997,13,NA,62.35,97.19,170.13,91.67,559.45,543.1,NA,1,3,5,7,9,13
"265",14607,3860,NA,1993,17,35.1,NA,67.88,NA,NA,99.87,4359.83,2,5,7,9,11,13,17
"266",14603,3854,18.4166666666667,1981,NA,35.1,NA,NA,NA,NA,212.46,4359.83,14,17,19,21,23,25,29
"267",10908,3865,18,1977,NA,35.1,122.02,79.04,74.9,167.93,204.12,206.86,18,21,23,25,27,29,33
"268",12606,3886,15.9388888888889,1984,NA,39,52.21,60.44,70.62,822.03,414.91,596.58,11,14,16,18,20,22,26
"269",36706,3900,NA,1993,17,NA,NA,NA,NA,NA,349.57,1686.67,2,5,7,9,11,13,17
"270",36707,3901,NA,1995,15,NA,NA,NA,NA,NA,349.57,1686.67,0,3,5,7,9,11,15
"271",36708,3902,NA,1997,13,NA,NA,NA,NA,NA,349.57,1686.67,NA,1,3,5,7,9,13
"272",36802,3914,18,1980,NA,NA,NA,NA,NA,NA,392.66,5367.83,15,18,20,22,24,26,30
"273",20105,3923,24.5,1980,NA,NA,49.09,157.16,70.62,84.23,NA,NA,15,18,20,22,24,26,30
"274",4408,3932,15.4277777777778,1988,NA,171.6,127.48,339.44,632.37,1322.98,592.82,639.36,7,10,12,14,16,18,22
"275",5706,3953,21.3694444444444,1986,NA,41.6,132.94,537.87,144.45,239.85,NA,3279.78,9,12,14,16,18,20,24
"276",106,3963,16.1305555555556,1985,NA,545.35,517.87,529.16,945.88,84.23,3928.41,4353.47,10,13,15,17,19,21,25
"277",118,3964,NA,2001,9,NA,NA,NA,945.88,84.23,3928.41,4353.47,NA,NA,NA,1,3,5,9
"278",18406,3971,17.1666666666667,1988,NA,NA,1291.12,1232.32,1366.39,1906.65,4699.87,891.75,7,10,12,14,16,18,22
"279",17522,3979,16.5,1988,NA,NA,57.28,60.44,70.62,324.56,137.41,480.63,7,10,12,14,16,18,22
"280",38101,4004,18,1984,NA,NA,NA,NA,NA,NA,NA,505.66,11,14,16,18,20,22,26
"281",4205,4012,17.1166666666667,1989,NA,35.1,73.27,60.44,70.62,84.23,109.61,826.55,6,9,11,13,15,17,21
"282",6704,4019,18.8,1984,NA,166.4,136.45,NA,NA,NA,434.86,614.33,11,14,16,18,20,22,26
"283",22702,4032,NA,1999,11,NA,NA,60.44,362.73,494.44,549.74,1279.67,NA,NA,1,3,5,7,11
"284",38401,4027,18.2472222222222,1977,NA,NA,NA,NA,NA,NA,NA,1279.67,18,21,23,25,27,29,33
"285",6804,4034,19.1666666666667,1985,NA,427.7,825.97,600.02,692.29,3423.55,NA,826.55,10,13,15,17,19,21,25
"286",5006,4041,23,1982,NA,39,51.82,64.16,128.4,84.23,99.87,144.46,13,16,18,20,22,24,28
"287",38701,4049,16.7083333333333,1987,NA,NA,NA,NA,NA,NA,NA,2640.95,8,11,13,15,17,19,23
"288",38801,4064,18.7805555555556,1985,NA,NA,NA,NA,NA,NA,NA,465.35,10,13,15,17,19,21,25
"289",4407,4071,17.3888888888889,1982,NA,171.6,127.48,339.44,632.37,1322.98,2413.73,547.66,13,16,18,20,22,24,28
"290",7214,4078,17.4166666666667,1987,NA,NA,NA,212.95,NA,128.25,NA,826.55,8,11,13,15,17,19,23
"291",39101,4086,17.5,1986,NA,NA,NA,NA,NA,NA,NA,197.94,9,12,14,16,18,20,24
"292",39201,4092,20.7361111111111,1986,NA,NA,NA,NA,NA,NA,NA,197.94,9,12,14,16,18,20,24
"293",17521,4097,16.9166666666667,1988,NA,NA,57.28,60.44,70.62,324.56,NA,NA,7,10,12,14,16,18,22
"294",39402,4106,21.4166666666667,1980,NA,NA,NA,NA,NA,NA,NA,518.14,15,18,20,22,24,26,30
"295",39403,4107,NA,2001,9,NA,NA,NA,NA,NA,NA,518.14,NA,NA,NA,1,3,5,9
"296",21005,4115,17.25,1990,NA,NA,103.69,79.04,70.62,226.83,349.57,1176.42,5,8,10,12,14,16,20
"297",1108,4128,18.5805555555556,1990,NA,52.65,49.09,60.44,70.62,302.47,99.87,625.03,5,8,10,12,14,16,20
"298",306,4124,18.4277777777778,1988,NA,35.1,326.38,281.13,253.59,581.24,349.57,625.03,7,10,12,14,16,18,22
"299",11205,4132,14.1666666666667,1992,NA,35.1,57.28,67.88,70.62,84.23,169.37,1493.75,3,6,8,10,12,14,18
"300",6311,4140,17.2472222222222,1989,NA,35.1,62.74,71.6,121.98,112.13,99.87,3924.81,6,9,11,13,15,17,21
"301",39901,4147,17.5833333333333,1991,NA,NA,NA,NA,NA,NA,NA,346.06,4,7,9,11,13,15,19
"302",22107,4152,18.1666666666667,1989,NA,NA,474.56,238.35,70.62,226.83,633.15,480.63,6,9,11,13,15,17,21
"303",40102,4157,22.4166666666667,1980,NA,NA,NA,NA,NA,NA,NA,490.31,15,18,20,22,24,26,30
"304",40201,4166,16.0833333333333,1992,NA,NA,NA,NA,NA,NA,NA,559.14,3,6,8,10,12,14,18
"305",40301,4175,24.0833333333333,1981,NA,NA,NA,NA,NA,NA,NA,11085.8,14,17,19,21,23,25,29
"306",20804,4187,18.6555555555556,1980,NA,NA,60.01,67.88,70.62,84.23,183.28,1343.07,15,18,20,22,24,26,30
"307",40501,4195,21.5833333333333,1984,NA,NA,NA,NA,NA,NA,NA,1001.66,11,14,16,18,20,22,26
"308",7504,4203,19.7,1982,NA,119.6,205.73,227.83,99.51,313.4,382.94,144.46,13,16,18,20,22,24,28
"309",40706,4210,NA,1996,14,NA,NA,NA,NA,NA,NA,2352.87,NA,2,4,6,8,10,14
"310",40707,4211,NA,1998,12,NA,NA,NA,NA,NA,NA,2352.87,NA,0,2,4,6,8,12
"311",2805,4219,25.4777777777778,1970,NA,287.95,321.17,1127.01,NA,1370.03,NA,411.87,25,28,30,32,34,36,40
"312",2823,4222,NA,1998,12,NA,NA,NA,854.94,1370.03,NA,411.87,NA,0,2,4,6,8,12
"313",16606,4229,17.7027777777778,1990,NA,35.1,76.39,234.82,74.9,141.89,NA,2909.73,5,8,10,12,14,16,20
"314",41101,4236,NA,1991,19,NA,NA,NA,NA,NA,NA,962.34,4,7,9,11,13,15,19
"315",41201,4244,17.9166666666667,1981,NA,NA,NA,NA,NA,NA,NA,749.26,14,17,19,21,23,25,29
"316",41301,4252,18.4083333333333,1985,NA,NA,NA,NA,NA,NA,NA,4300.2,10,13,15,17,19,21,25
"317",5711,4264,NA,2001,9,NA,NA,NA,144.45,783.59,691.5,206.86,NA,NA,NA,1,3,5,9
"318",3206,4260,15.9972222222222,1981,NA,148.2,52.21,358.36,144.45,783.59,2670.45,206.86,14,17,19,21,23,25,29
"319",9504,4269,20.8916666666667,1983,NA,37.05,54.55,74.87,237.54,611.23,382.94,567.99,12,15,17,19,21,23,27
"320",7206,4275,15.9111111111111,1997,NA,NA,269.3,209.23,113.42,NA,382.94,567.99,NA,1,3,5,7,9,13
"321",7212,4277,NA,2000,10,NA,NA,209.23,113.42,128.25,382.94,567.99,NA,NA,0,2,4,6,10
"322",21404,4280,17.7777777777778,1992,NA,NA,62.74,63.71,74.9,112.13,212.46,841.83,3,6,8,10,12,14,18
"323",41702,4284,19,1980,NA,NA,NA,NA,NA,NA,NA,411.87,15,18,20,22,24,26,30
"324",41901,4305,19.5833333333333,1990,NA,NA,NA,NA,NA,NA,NA,835.47,5,8,10,12,14,16,20
"325",7505,4321,18.7222222222222,1985,NA,119.6,205.73,227.83,360.6,313.4,382.94,559.14,10,13,15,17,19,21,25
"326",2203,4327,23.9138888888889,1974,NA,NA,49.09,NA,NA,NA,349.57,1350.37,21,24,26,28,30,32,36
"327",42307,4354,NA,1996,14,NA,NA,NA,NA,NA,NA,194.38,NA,2,4,6,8,10,14
"328",42401,4377,15.3055555555556,1994,NA,NA,NA,NA,NA,NA,NA,2347.41,1,4,6,8,10,12,16
"329",42501,4383,20.1972222222222,1985,NA,NA,NA,NA,NA,NA,NA,2043.13,10,13,15,17,19,21,25
"330",16310,4391,18.9694444444444,1990,NA,35.1,NA,237.14,104.86,174.75,662.82,197.94,5,8,10,12,14,16,20
"331",3213,4397,28.3333333333333,1970,NA,NA,103.69,358.36,704.06,893.95,349.57,NA,25,28,30,32,34,36,40
"332",43019,4439,NA,1999,11,NA,NA,NA,NA,NA,NA,144.46,NA,NA,1,3,5,7,11
"333",15904,4450,17.0083333333333,1989,NA,145.6,130.21,225.53,502.9,675.7,594.7,581.38,6,9,11,13,15,17,21
"334",43205,4459,15.5,1996,NA,NA,NA,NA,NA,NA,NA,169.42,NA,2,4,6,8,10,14
"335",43214,4461,NA,1998,12,NA,NA,NA,NA,NA,NA,169.42,NA,0,2,4,6,8,12
"336",43212,4469,15.6277777777778,1994,NA,NA,NA,NA,NA,NA,NA,169.42,1,4,6,8,10,12,16
"337",21804,4473,15.8777777777778,1989,NA,NA,132.94,87.75,NA,NA,NA,NA,6,9,11,13,15,17,21
"338",43501,4499,17.9166666666667,1991,NA,NA,NA,NA,NA,NA,NA,913.91,4,7,9,11,13,15,19
"339",5907,4504,20.0305555555556,1986,NA,107.25,84.19,106.94,70.62,84.23,1472.29,250.67,9,12,14,16,18,20,24
"340",43701,4510,32,1975,NA,NA,NA,NA,NA,NA,NA,465.35,20,23,25,27,29,31,35
"341",43802,4522,NA,1998,12,NA,NA,NA,NA,NA,NA,3240.29,NA,0,2,4,6,8,12
"342",43803,4523,NA,2001,9,NA,NA,NA,NA,NA,NA,3240.29,NA,NA,NA,1,3,5,9
"343",43801,4521,16,1982,NA,NA,NA,NA,NA,NA,NA,3240.29,13,16,18,20,22,24,28
"344",9505,4528,21.7944444444444,1986,NA,37.05,54.55,74.87,237.54,611.23,1430.11,835.47,9,12,14,16,18,20,24
"345",10116,4542,NA,1998,12,NA,NA,NA,NA,NA,NA,676.8,NA,0,2,4,6,8,12
"346",10117,4543,NA,2000,10,NA,NA,NA,NA,NA,NA,676.8,NA,NA,0,2,4,6,10
"347",7507,4547,18.5666666666667,1990,NA,119.6,205.73,227.83,360.6,313.4,382.94,465.35,5,8,10,12,14,16,20
"348",44620,4596,29,1975,NA,NA,NA,NA,NA,NA,NA,NA,20,23,25,27,29,31,35
"349",44629,4605,NA,1995,15,NA,NA,NA,NA,NA,NA,NA,0,3,5,7,9,11,15
"350",24402,2837,13.5583333333333,1988,NA,NA,NA,67.88,1796.53,333.24,NA,NA,7,10,12,14,16,18,22
"351",1803,256,18.9694444444444,1983,NA,381.55,603.51,804.56,1014.36,1410.02,NA,NA,12,15,17,19,21,23,27
"352",24806,1545,22,1985,NA,NA,NA,67.88,206.51,472.12,NA,NA,10,13,15,17,19,21,25
"353",2429,3620,16,1985,NA,NA,NA,NA,70.62,NA,NA,NA,10,13,15,17,19,21,25
"354",525,83,NA,1999,11,NA,NA,1622.78,1774.06,2268.81,3023.75,NA,NA,NA,1,3,5,7,11
"355",511,71,NA,1996,14,NA,746.25,1622.78,1774.06,2268.81,3023.75,NA,NA,2,4,6,8,10,14
"356",4906,2184,19.9166666666667,1986,NA,189.15,NA,NA,NA,NA,NA,NA,9,12,14,16,18,20,24
"357",514,89,18.1916666666667,1982,NA,NA,746.25,1622.78,NA,NA,3023.75,NA,13,16,18,20,22,24,28
"358",2614,3676,16.9055555555556,1985,NA,NA,NA,NA,349.89,NA,NA,NA,10,13,15,17,19,21,25
"359",605,102,21.9166666666667,1989,NA,434.2,422.57,671.13,1954.89,2376.07,2958.41,NA,6,9,11,13,15,17,21
"360",1003,151,19.4166666666667,1984,NA,680.55,885.91,1223.02,1399.56,1989.8,2520.56,NA,11,14,16,18,20,22,26
"361",26102,4055,15.25,1981,NA,NA,NA,NA,360.6,655.64,2352.16,NA,14,17,19,21,23,25,29
"362",12403,1506,NA,1993,17,54.6,52.21,130.53,70.62,605.65,427.9,NA,2,5,7,9,11,13,17
"363",14004,1750,19.2833333333333,1977,NA,89.7,138.01,NA,NA,2092.8,NA,NA,18,21,23,25,27,29,33
"364",7503,929,20.25,1980,NA,119.6,205.73,227.83,70.62,124.53,191.61,NA,15,18,20,22,24,26,30
"365",1607,228,NA,1996,14,NA,247.85,295.41,269.64,1348.03,2517.55,NA,NA,2,4,6,8,10,14
"366",5612,718,NA,1990,20,NA,302.59,134.84,439.77,951.99,549.74,NA,5,8,10,12,14,16,20
"367",13304,1653,16.9166666666667,1984,NA,44.85,90.04,NA,NA,NA,448.75,NA,11,14,16,18,20,22,26
"368",23102,2755,22.0388888888889,1978,NA,NA,NA,1124.88,NA,NA,NA,NA,17,20,22,24,26,28,32
"369",1104,3170,19.0416666666667,1980,NA,52.65,49.09,134.84,383.06,492.57,549.74,NA,15,18,20,22,24,26,30
"370",13707,1707,NA,1998,12,NA,NA,79.04,92.02,125.15,142.96,NA,NA,0,2,4,6,8,12
"371",13703,1700,19.3222222222222,1991,NA,40.95,54.55,79.04,92.02,125.15,142.96,NA,4,7,9,11,13,15,19
"372",16316,3231,25.9805555555556,1977,NA,NA,NA,237.14,NA,84.23,NA,NA,18,21,23,25,27,29,33
"373",24701,186,18.5527777777778,1977,NA,261.95,538.93,60.44,70.62,NA,NA,NA,18,21,23,25,27,29,33
"374",13605,2891,NA,1995,15,67.6,130.21,NA,NA,NA,NA,NA,0,3,5,7,9,11,15
"375",4908,2191,16.5666666666667,1995,NA,189.15,183.89,NA,NA,NA,NA,NA,0,3,5,7,9,11,15
"376",14007,1753,18.1083333333333,1992,NA,89.7,138.01,126.31,841.02,2092.8,1164.11,NA,3,6,8,10,12,14,18
"377",2210,318,NA,1992,18,35.1,49.09,60.44,247.17,112.13,349.57,NA,3,6,8,10,12,14,18
"378",12502,1550,NA,1947,63,63.05,159.85,118.1,898.8,NA,NA,NA,48,51,53,55,57,59,63
"379",29101,2090,14.4166666666667,1985,NA,NA,NA,NA,NA,NA,NA,NA,10,13,15,17,19,21,25
"380",3411,3378,NA,1999,11,NA,NA,60.44,NA,84.23,99.87,NA,NA,NA,1,3,5,7,11
"381",24002,1823,17.4166666666667,1982,NA,103.35,NA,222.26,581.01,444.84,926.92,NA,13,16,18,20,22,24,28
"382",22104,3395,NA,1990,20,NA,474.56,238.35,70.62,226.83,633.15,NA,5,8,10,12,14,16,20
"383",15004,1845,22.2833333333333,1977,NA,35.1,90.04,63.71,NA,NA,238.87,NA,18,21,23,25,27,29,33
"384",26305,3037,NA,1989,21,NA,54.55,67.88,150.87,NA,NA,NA,6,9,11,13,15,17,21
"385",4805,2317,NA,1957,53,35.1,49.09,60.44,NA,NA,NA,NA,38,41,43,45,47,49,53
"386",16805,464,NA,1995,15,44.85,51.82,67.88,513.61,328.28,2670.45,NA,0,3,5,7,9,11,15
"387",15314,1944,NA,1989,21,64.35,76.39,NA,102.72,84.23,99.87,NA,6,9,11,13,15,17,21
"388",21902,2172,16.9361111111111,1979,NA,56.55,49.09,234.82,74.9,NA,NA,NA,16,19,21,23,25,27,31
"389",21506,3488,19.2083333333333,1985,NA,NA,62.74,82.76,150.87,338.43,349.57,NA,10,13,15,17,19,21,25
"390",15507,1999,16.7305555555556,1990,NA,68.25,162.19,60.44,77.04,530.01,109.61,NA,5,8,10,12,14,16,20
"391",5505,696,NA,1994,16,35.1,NA,110.66,NA,NA,NA,NA,1,4,6,8,10,12,16
"392",3911,1377,NA,1997,13,NA,167.65,146.18,1924.93,2178.3,4024.52,NA,NA,1,3,5,7,9,13
"393",3421,518,22.0833333333333,1979,NA,NA,NA,NA,211.86,237.99,4024.52,NA,16,19,21,23,25,27,31
"394",7007,882,NA,1995,15,35.1,NA,NA,NA,NA,NA,NA,0,3,5,7,9,11,15
"395",31502,3448,NA,1999,11,NA,NA,NA,NA,328.28,NA,NA,NA,NA,1,3,5,7,11
"396",4506,624,18.7222222222222,1978,NA,87.75,132.16,NA,NA,NA,NA,NA,17,20,22,24,26,28,32
"397",16106,2081,NA,1993,17,285.35,54.55,60.44,300.67,1017.95,466.35,NA,2,5,7,9,11,13,17
"398",31701,1497,18.7361111111111,1984,NA,NA,NA,NA,NA,549.6,NA,NA,11,14,16,18,20,22,26
"399",16307,2121,21.1666666666667,1979,NA,35.1,NA,237.14,104.86,NA,662.82,NA,16,19,21,23,25,27,31
"400",16321,2135,NA,2002,8,NA,NA,NA,104.86,174.75,662.82,NA,NA,NA,NA,0,2,4,8
"401",6705,837,17.5111111111111,1987,NA,166.4,136.45,NA,NA,NA,NA,NA,8,11,13,15,17,19,23
"402",16318,2133,NA,1993,17,NA,NA,237.14,104.86,174.75,662.82,NA,2,5,7,9,11,13,17
"403",28802,3218,18,1977,NA,NA,NA,NA,226.84,NA,NA,NA,18,21,23,25,27,29,33
"404",2004,292,NA,1984,26,181.35,NA,NA,NA,NA,NA,NA,11,14,16,18,20,22,26
"405",16605,2170,16.25,1988,NA,35.1,76.39,234.82,74.9,141.89,99.87,NA,7,10,12,14,16,18,22
"406",513,73,NA,1997,13,NA,746.25,NA,NA,NA,NA,NA,NA,1,3,5,7,9,13
"407",13503,1686,15.75,1995,NA,35.1,NA,NA,NA,1322.98,2413.73,NA,0,3,5,7,9,11,15
"408",504,69,16.6527777777778,1980,NA,631.8,746.25,NA,NA,NA,NA,NA,15,18,20,22,24,26,30
"409",4419,604,NA,2001,9,NA,NA,NA,NA,1322.98,2413.73,NA,NA,NA,NA,1,3,5,9
"410",4405,587,19,1978,NA,171.6,NA,339.44,NA,NA,2413.73,NA,17,20,22,24,26,28,32
"411",17103,2238,NA,1991,19,64.35,54.94,60.44,121.98,294.8,283.36,NA,4,7,9,11,13,15,19
"412",2808,386,17.8333333333333,1980,NA,287.95,321.17,NA,NA,NA,NA,NA,15,18,20,22,24,26,30
"413",2824,393,NA,1997,13,NA,NA,NA,NA,NA,NA,NA,NA,1,3,5,7,9,13
"414",21511,3752,15.5,1983,NA,NA,NA,NA,NA,396.48,181.88,NA,12,15,17,19,21,23,27
"415",1409,3539,23.3138888888889,1981,NA,35.1,57.67,178.39,NA,472.12,NA,NA,14,17,19,21,23,25,29
"416",33002,3555,NA,1975,35,NA,NA,NA,NA,NA,NA,NA,20,23,25,27,29,31,35
"417",2119,3796,15,1986,NA,NA,NA,NA,NA,226.83,516.37,NA,9,12,14,16,18,20,24
"418",18404,2346,24.5361111111111,1982,NA,NA,1291.12,1232.32,1366.39,1906.65,4699.87,NA,13,16,18,20,22,24,28
"419",523,3839,NA,1987,23,NA,NA,NA,1774.06,2268.81,109.61,NA,8,11,13,15,17,19,23
"420",19902,2496,20.8333333333333,1977,NA,NA,175.31,227.83,322.07,NA,NA,NA,18,21,23,25,27,29,33
"421",4314,772,NA,1995,15,NA,NA,NA,572.45,2054.83,3468.52,NA,0,3,5,7,9,11,15
"422",6203,787,24.4944444444444,1982,NA,46.8,57.28,79.04,NA,NA,359.31,NA,13,16,18,20,22,24,28
"423",19306,3829,NA,1998,12,NA,65.47,97.64,79.18,345.02,389.89,NA,NA,0,2,4,6,8,12
"424",19305,3826,16.3194444444444,1994,NA,NA,65.47,97.64,79.18,345.02,389.89,NA,1,4,6,8,10,12,16
"425",36712,3906,16.25,1988,NA,NA,NA,NA,NA,NA,349.57,NA,7,10,12,14,16,18,22
"426",19504,2428,NA,1993,17,902.2,942.46,1147.2,383.06,1882.55,11306.74,NA,2,5,7,9,11,13,17
"427",6706,838,NA,1989,21,166.4,136.45,NA,NA,NA,434.86,NA,6,9,11,13,15,17,21
"428",8006,974,19.5972222222222,1977,NA,NA,NA,NA,150.87,NA,NA,NA,18,21,23,25,27,29,33
"429",8408,1034,19.9611111111111,1981,NA,171.6,154.39,71.6,100.58,294.8,NA,NA,14,17,19,21,23,25,29
"430",3104,441,17.075,1979,NA,40.95,NA,NA,NA,NA,NA,NA,16,19,21,23,25,27,31
"431",21214,2583,NA,2001,9,NA,NA,NA,NA,84.23,NA,NA,NA,NA,NA,1,3,5,9
"432",3109,446,20,1984,NA,40.95,NA,NA,NA,NA,NA,NA,11,14,16,18,20,22,26
"433",1011,155,19.9166666666667,1980,NA,NA,NA,1223.02,NA,NA,NA,NA,15,18,20,22,24,26,30
"434",304,43,18.9166666666667,1985,NA,35.1,326.38,281.13,253.59,581.24,NA,NA,10,13,15,17,19,21,25
"435",20403,2538,NA,1994,16,204.1,129.43,339.44,70.62,152.43,2120.94,NA,1,4,6,8,10,12,16
"436",18303,1872,NA,1996,14,NA,54.55,60.44,NA,NA,NA,NA,NA,2,4,6,8,10,14
"437",21820,2662,NA,1966,44,NA,NA,NA,NA,NA,NA,NA,29,32,34,36,38,40,44
"438",21209,2578,17.8694444444444,1980,NA,NA,57.28,NA,NA,84.23,NA,NA,15,18,20,22,24,26,30
"439",22002,2683,NA,1933,77,NA,65.47,82.76,83.46,84.23,NA,NA,62,65,67,69,71,73,77
"440",18413,2359,NA,1980,30,NA,NA,1232.32,NA,NA,NA,NA,15,18,20,22,24,26,30
"441",21303,2599,17.3333333333333,1989,NA,NA,76.39,100.91,100.58,117.71,144.36,NA,6,9,11,13,15,17,21
"442",8307,1019,NA,1995,15,80.6,NA,157.16,420.51,84.23,99.87,NA,0,3,5,7,9,11,15
"443",8412,1036,NA,1997,13,NA,154.39,71.6,100.58,294.8,133.24,NA,NA,1,3,5,7,9,13
"444",21507,2627,18.9166666666667,1992,NA,NA,62.74,82.76,150.87,396.48,559.45,NA,3,6,8,10,12,14,18
"445",5007,1042,18.2361111111111,1984,NA,39,51.82,64.16,128.4,95.39,133.24,NA,11,14,16,18,20,22,26
"446",20504,578,18.4833333333333,1978,NA,35.1,NA,783.27,323.14,NA,NA,NA,17,20,22,24,26,28,32
"447",10514,1337,NA,1999,11,NA,NA,83.32,NA,NA,NA,NA,NA,NA,1,3,5,7,11
"448",24202,2851,20.6305555555556,1980,NA,123.5,178.04,216.67,280.34,437.4,628.95,NA,15,18,20,22,24,26,30
"449",24809,2928,18.4166666666667,1992,NA,NA,NA,NA,NA,472.12,698.45,NA,3,6,8,10,12,14,18
"450",24306,2868,NA,1989,21,NA,NA,60.44,103.79,NA,NA,NA,6,9,11,13,15,17,21
"451",12308,1482,19,1988,NA,54.6,93.16,95.19,105.93,128.25,NA,NA,7,10,12,14,16,18,22
"452",7204,3012,15.2111111111111,1992,NA,142.35,269.3,209.23,113.42,128.25,382.94,NA,3,6,8,10,12,14,18
"453",25704,3000,23,1989,NA,NA,NA,NA,NA,NA,NA,NA,6,9,11,13,15,17,21
"454",21702,4184,17.7638888888889,1978,NA,47.45,110.71,60.44,NA,NA,NA,NA,17,20,22,24,26,28,32
"455",13105,1609,18,1979,NA,35.1,NA,NA,NA,NA,NA,NA,16,19,21,23,25,27,31
"456",23602,1526,23.25,1973,NA,NA,NA,86.03,354.17,NA,NA,NA,22,25,27,29,31,33,37
"457",12113,1445,16.1972222222222,1984,NA,285.35,853.27,1117.74,NA,NA,NA,NA,11,14,16,18,20,22,26
"458",12116,1448,NA,2000,10,NA,NA,1117.74,NA,NA,NA,NA,NA,NA,0,2,4,6,10
"459",26902,3079,15.9166666666667,1982,NA,NA,NA,NA,1022.92,1331.89,NA,NA,13,16,18,20,22,24,28
"460",1118,3171,NA,1999,11,NA,NA,60.44,383.06,492.57,549.74,NA,NA,NA,1,3,5,7,11
"461",6407,1577,NA,1991,19,NA,NA,130.03,NA,NA,NA,NA,4,7,9,11,13,15,19
"462",4612,3693,NA,1987,23,NA,372.01,NA,NA,NA,NA,NA,8,11,13,15,17,19,23
"463",13913,1732,NA,1993,17,NA,NA,1049.86,NA,NA,2010.43,NA,2,5,7,9,11,13,17
"464",202,603,18,1980,NA,74.1,NA,NA,NA,NA,NA,NA,15,18,20,22,24,26,30
"465",206,25,NA,1988,22,74.1,NA,NA,NA,NA,NA,NA,7,10,12,14,16,18,22
"466",12910,1596,NA,1992,18,35.1,84.19,178.39,NA,NA,NA,NA,3,6,8,10,12,14,18
"467",13917,1735,NA,1997,13,NA,NA,NA,1263.67,NA,NA,NA,NA,1,3,5,7,9,13
"468",16109,2091,NA,1999,11,NA,NA,60.44,NA,NA,NA,NA,NA,NA,1,3,5,7,11
"469",14005,1751,21.2722222222222,1979,NA,89.7,138.01,126.31,841.02,NA,NA,NA,16,19,21,23,25,27,31
"470",4413,594,17.5,1993,NA,NA,NA,339.44,NA,NA,NA,NA,2,5,7,9,11,13,17
"471",22103,3394,17.5444444444444,1988,NA,NA,474.56,238.35,70.62,NA,633.15,NA,7,10,12,14,16,18,22
"472",1307,3067,20.6944444444444,1980,NA,261.95,538.93,NA,77.04,NA,NA,NA,15,18,20,22,24,26,30
"473",4616,3697,NA,1999,11,NA,NA,418.18,231.12,NA,NA,NA,NA,NA,1,3,5,7,11
"474",27502,3138,19.3333333333333,1977,NA,NA,NA,NA,70.62,NA,NA,NA,18,21,23,25,27,29,33
"475",5423,3239,NA,1992,18,NA,NA,60.44,NA,NA,NA,NA,3,6,8,10,12,14,18
"476",5504,695,NA,1994,16,35.1,NA,110.66,NA,NA,NA,NA,1,4,6,8,10,12,16
"477",15903,2045,19.25,1988,NA,NA,130.21,225.53,502.9,675.7,594.7,NA,7,10,12,14,16,18,22
"478",32901,3548,16.7055555555556,1980,NA,NA,NA,NA,NA,84.23,99.87,NA,15,18,20,22,24,26,30
"479",15907,2048,NA,1998,12,NA,130.21,225.53,502.9,675.7,594.7,NA,NA,0,2,4,6,8,12
"480",5805,744,18.0888888888889,1983,NA,40.95,200.41,60.44,395.9,639.13,NA,NA,12,15,17,19,21,23,27
"481",33701,3656,NA,1997,13,NA,NA,NA,NA,NA,382.94,NA,NA,1,3,5,7,9,13
"482",2003,291,NA,1982,28,181.35,NA,NA,NA,NA,NA,NA,13,16,18,20,22,24,28
"483",19106,2405,NA,1974,36,588.9,110.71,NA,NA,NA,NA,NA,21,24,26,28,30,32,36
"484",32402,3769,NA,2001,9,NA,NA,NA,NA,440.11,NA,NA,NA,NA,NA,1,3,5,9
"485",2826,390,NA,2000,10,NA,NA,NA,NA,NA,NA,NA,NA,NA,0,2,4,6,10
"486",16215,2103,18,1978,NA,NA,106.03,NA,NA,NA,NA,NA,17,20,22,24,26,28,32
"487",11108,1284,20,1983,NA,35.1,NA,NA,NA,NA,NA,NA,12,15,17,19,21,23,27
"488",11607,3790,NA,1993,17,35.1,54.55,60.44,79.18,84.23,584.47,NA,2,5,7,9,11,13,17
"489",6921,869,17.8388888888889,1985,NA,NA,NA,NA,NA,152.42,NA,NA,10,13,15,17,19,21,25
"490",105,3,18.7027777777778,1982,NA,545.35,517.87,529.16,945.88,NA,NA,NA,13,16,18,20,22,24,28
"491",117,13,NA,2001,9,NA,NA,NA,945.88,NA,NA,NA,NA,NA,NA,1,3,5,9
"492",36602,3892,NA,1986,24,NA,NA,NA,NA,NA,NA,NA,9,12,14,16,18,20,24
"493",18302,1871,18.3333333333333,1978,NA,NA,54.55,60.44,70.62,NA,NA,NA,17,20,22,24,26,28,32
"494",10610,1234,20.0777777777778,1981,NA,98.8,NA,NA,NA,NA,NA,NA,14,17,19,21,23,25,29
"495",20002,2487,23,1976,NA,NA,49.09,64.16,83.46,324.56,137.41,NA,19,22,24,26,28,30,34
"496",1903,274,16.3361111111111,1983,NA,625.95,901.51,NA,NA,NA,NA,NA,12,15,17,19,21,23,27
"497",10005,1163,NA,1997,13,NA,49.09,NA,NA,NA,NA,NA,NA,1,3,5,7,9,13
"498",10911,2825,21.6361111111111,1985,NA,35.1,NA,NA,NA,NA,NA,NA,10,13,15,17,19,21,25
"499",18502,2374,17.2666666666667,1978,NA,NA,965.04,NA,NA,NA,NA,NA,17,20,22,24,26,28,32
"500",21805,2641,16.25,1994,NA,NA,132.94,87.75,NA,NA,212.46,NA,1,4,6,8,10,12,16
"501",703,124,22.6527777777778,1981,NA,369.2,701.95,665.12,1611.42,2057.38,NA,NA,14,17,19,21,23,25,29
"502",29003,1532,NA,1993,17,NA,NA,NA,898.8,329.52,NA,NA,2,5,7,9,11,13,17
"503",19002,2559,20.075,1975,NA,35.1,244.73,67.88,70.62,NA,NA,NA,20,23,25,27,29,31,35
"504",10512,1335,16.7722222222222,1995,NA,NA,NA,83.32,NA,NA,NA,NA,0,3,5,7,9,11,15
"505",20901,1307,NA,1953,57,NA,169.85,209.23,70.62,NA,NA,NA,42,45,47,49,51,53,57
"506",10616,1241,14,1984,NA,NA,NA,NA,792.87,NA,NA,NA,11,14,16,18,20,22,26
"507",21210,2579,NA,1985,25,NA,57.28,238.35,70.62,NA,NA,NA,10,13,15,17,19,21,25
"508",5905,2279,NA,1981,29,107.25,84.19,NA,NA,NA,NA,NA,14,17,19,21,23,25,29
"509",12906,1594,22.5,1978,NA,35.1,84.19,178.39,74.9,294.8,NA,NA,17,20,22,24,26,28,32
"510",26005,3031,20,1981,NA,NA,NA,60.44,NA,NA,NA,NA,14,17,19,21,23,25,29
"511",13305,1654,16.0833333333333,1986,NA,44.85,90.04,132.98,331.7,NA,NA,NA,9,12,14,16,18,20,24
"512",23902,2817,16.0833333333333,1983,NA,NA,NA,209.23,70.62,NA,NA,NA,12,15,17,19,21,23,27
"513",28803,3219,18,1980,NA,NA,NA,NA,226.84,NA,NA,NA,15,18,20,22,24,26,30
"514",28815,3224,NA,1995,15,NA,NA,NA,226.84,NA,NA,NA,0,3,5,7,9,11,15
"515",7107,3126,21.0277777777778,1983,NA,171.6,54.55,318.98,195.81,91.67,NA,NA,12,15,17,19,21,23,27
"516",305,45,16.9222222222222,1985,NA,35.1,326.38,281.13,NA,NA,NA,NA,10,13,15,17,19,21,25
"517",18803,2380,NA,1994,16,44.85,NA,NA,NA,NA,NA,NA,1,4,6,8,10,12,16
"518",16214,1676,NA,1997,13,NA,106.03,60.44,70.62,NA,NA,NA,NA,1,3,5,7,9,13
"519",7106,887,20,1978,NA,171.6,54.55,NA,NA,NA,NA,NA,17,20,22,24,26,28,32
"520",7810,952,NA,1998,12,NA,NA,NA,NA,NA,NA,NA,NA,0,2,4,6,8,12
"521",12112,1444,NA,1988,22,285.35,NA,NA,NA,NA,NA,NA,7,10,12,14,16,18,22
"522",25902,3024,NA,1945,65,NA,NA,164.6,74.9,NA,NA,NA,50,53,55,57,59,61,65
"523",7603,936,NA,1982,28,309.4,NA,NA,NA,NA,NA,NA,13,16,18,20,22,24,28
"524",26802,3074,28.8166666666667,1970,NA,NA,NA,NA,70.62,NA,NA,NA,25,28,30,32,34,36,40
"525",13203,1644,NA,1995,15,35.1,120.85,NA,NA,NA,NA,NA,0,3,5,7,9,11,15
"526",25802,3010,NA,1970,40,NA,NA,212.95,NA,NA,NA,NA,25,28,30,32,34,36,40
"527",20702,2556,NA,1977,33,NA,247.85,NA,NA,NA,NA,NA,18,21,23,25,27,29,33
"528",14302,1809,25,1970,NA,96.2,131.77,165.22,NA,NA,NA,NA,25,28,30,32,34,36,40
"529",15324,1942,18.4305555555556,1982,NA,NA,NA,79.04,NA,NA,NA,NA,13,16,18,20,22,24,28
"530",14604,3408,NA,1985,25,35.1,NA,NA,NA,NA,NA,NA,10,13,15,17,19,21,25
"531",5804,743,18.7777777777778,1977,NA,40.95,200.41,60.44,395.9,NA,NA,NA,18,21,23,25,27,29,33
"532",8605,4624,NA,1957,53,NA,NA,NA,NA,NA,NA,NA,38,41,43,45,47,49,53
"533",2603,335,19,1978,NA,144.3,NA,NA,NA,NA,NA,NA,17,20,22,24,26,28,32
"534",1402,199,NA,1965,45,235.3,167.26,NA,NA,NA,NA,NA,30,33,35,37,39,41,45
"535",5424,3240,NA,1994,16,NA,NA,60.44,NA,NA,NA,NA,1,4,6,8,10,12,16
"536",24205,2856,NA,1980,30,NA,NA,NA,NA,437.4,NA,NA,15,18,20,22,24,26,30
"537",10611,1235,17.3361111111111,1989,NA,98.8,295.57,NA,NA,NA,NA,NA,6,9,11,13,15,17,21
"538",19402,905,19.7166666666667,1992,NA,NA,49.09,NA,NA,NA,NA,NA,3,6,8,10,12,14,18
"539",17607,2255,NA,1994,16,NA,57.28,NA,NA,NA,NA,NA,1,4,6,8,10,12,16
"540",19006,2393,NA,1995,15,NA,NA,283.81,NA,NA,NA,NA,0,3,5,7,9,11,15
