"","id","afr","dob","aoc","absw95","absw98","absw00","absw02","absw04","absw06","absw10","age_absw95","age_absw98","age_absw00","age_absw02","age_absw04","age_absw06","age_absw10"
"333",1,NA,1996,14,NA,247.85,295.41,269.64,1348.03,2517.55,NA,NA,2,4,6,8,10,14
"455",2,16.3361111111111,1983,23,625.95,901.51,NA,NA,NA,NA,NA,12,15,17,19,21,23,27
"77",3,NA,1994,16,35.1,57.28,67.88,83.46,84.23,169.37,NA,1,4,6,8,10,12,16
"148",4,NA,1997,13,NA,62.74,63.71,74.9,112.13,NA,502.79,NA,1,3,5,7,9,13
"227",5,18.2055555555556,1983,27,NA,NA,NA,NA,440.11,3371.44,10304.25,12,15,17,19,21,23,27
"197",6,NA,1995,15,35.1,NA,67.88,NA,NA,99.87,540.23,0,3,5,7,9,11,15
"385",7,NA,1995,15,NA,NA,NA,572.45,2054.83,3468.52,NA,0,3,5,7,9,11,15
"184",8,22.6472222222222,1985,25,40.95,54.55,318.98,269.64,84.23,3916.8,12527.68,10,13,15,17,19,21,25
"36",9,NA,1996,14,NA,73.27,60.44,70.62,84.23,109.61,518.14,NA,2,4,6,8,10,14
"314",10,21.7944444444444,1986,24,37.05,54.55,74.87,237.54,611.23,1430.11,835.47,9,12,14,16,18,20,24
"483",11,NA,1977,29,NA,247.85,NA,NA,NA,NA,NA,18,21,23,25,27,29,33
"340",12,18.5527777777778,1977,33,261.95,538.93,60.44,70.62,NA,NA,NA,18,21,23,25,27,29,33
"419",13,15.9166666666667,1982,24,NA,NA,NA,1022.92,1331.89,NA,NA,13,16,18,20,22,24,28
"393",14,17.075,1979,31,40.95,NA,NA,NA,NA,NA,NA,16,19,21,23,25,27,31
"246",15,15.4277777777778,1988,22,171.6,127.48,339.44,632.37,1322.98,592.82,639.36,7,10,12,14,16,18,22
"484",16,25,1970,36,96.2,131.77,165.22,NA,NA,NA,NA,25,28,30,32,34,36,40
"396",17,19.9166666666667,1980,30,NA,NA,1223.02,NA,NA,NA,NA,15,18,20,22,24,26,30
"478",18,NA,1945,61,NA,NA,164.6,74.9,NA,NA,NA,50,53,55,57,59,61,65
"371",19,NA,1997,13,NA,746.25,NA,NA,NA,NA,NA,NA,1,3,5,7,9,13
"322",20,16,1985,21,NA,NA,NA,70.62,NA,NA,NA,10,13,15,17,19,21,25
"434",21,NA,1992,18,NA,NA,60.44,NA,NA,NA,NA,3,6,8,10,12,14,18
"48",22,20.6472222222222,1987,23,46.8,57.28,79.04,70.62,106.55,359.31,767.72,8,11,13,15,17,19,23
"21",23,NA,2001,9,NA,NA,NA,1014.36,1410.02,2559.48,4609.43,NA,NA,NA,1,3,5,9
"186",24,18.6222222222222,1980,30,39,51.82,71.6,74.9,294.8,533.06,1120.85,15,18,20,22,24,26,30
"252",25,18,1984,26,NA,NA,NA,NA,NA,NA,505.66,11,14,16,18,20,22,26
"280",26,19.7,1982,28,119.6,205.73,227.83,99.51,313.4,382.94,144.46,13,16,18,20,22,24,28
"412",27,19,1988,22,54.6,93.16,95.19,105.93,128.25,NA,NA,7,10,12,14,16,18,22
"262",28,17.4166666666667,1987,23,NA,NA,212.95,NA,128.25,NA,826.55,8,11,13,15,17,19,23
"465",29,22.5,1978,28,35.1,84.19,178.39,74.9,294.8,NA,NA,17,20,22,24,26,28,32
"194",30,15.0805555555556,1986,24,35.1,76.39,60.44,70.62,84.23,109.61,197.94,9,12,14,16,18,20,24
"266",31,21.4166666666667,1980,30,NA,NA,NA,NA,NA,NA,518.14,15,18,20,22,24,26,30
"437",32,16.7055555555556,1980,30,NA,NA,NA,NA,84.23,99.87,NA,15,18,20,22,24,26,30
"326",33,18.1916666666667,1982,28,NA,746.25,1622.78,NA,NA,3023.75,NA,13,16,18,20,22,24,28
"263",34,17.5,1986,24,NA,NA,NA,NA,NA,NA,197.94,9,12,14,16,18,20,24
"205",35,20.2666666666667,1982,28,35.1,73.27,60.44,792.87,302.24,356.52,666.95,13,16,18,20,22,24,28
"238",36,18.4166666666667,1981,29,35.1,NA,NA,NA,NA,212.46,4359.83,14,17,19,21,23,25,29
"61",37,23.8111111111111,1974,36,37.05,NA,74.87,NA,NA,NA,1826.03,21,24,26,28,30,32,36
"188",38,NA,1998,12,NA,51.82,71.6,74.9,294.8,533.06,1120.85,NA,0,2,4,6,8,12
"190",39,20.1666666666667,1977,33,67.6,130.21,67.88,301.74,111.51,142.96,213.23,18,21,23,25,27,29,33
"41",40,NA,1997,13,NA,76.39,60.44,NA,749.88,1284.64,960.25,NA,1,3,5,7,9,13
"291",41,20.8916666666667,1983,27,37.05,54.55,74.87,237.54,611.23,382.94,567.99,12,15,17,19,21,23,27
"156",42,NA,1995,15,226.2,373.18,228.65,269.64,351.84,730.45,4542.71,0,3,5,7,9,11,15
"411",43,NA,1989,17,NA,NA,60.44,103.79,NA,NA,NA,6,9,11,13,15,17,21
"488",44,NA,1957,49,NA,NA,NA,NA,NA,NA,NA,38,41,43,45,47,49,53
"209",45,15.1805555555556,1987,23,126.1,259.69,265.04,605.62,300.38,683.17,3363.68,8,11,13,15,17,19,23
"495",46,NA,1995,15,NA,NA,283.81,NA,NA,NA,NA,0,3,5,7,9,11,15
"462",47,14,1984,26,NA,NA,NA,792.87,NA,NA,NA,11,14,16,18,20,22,26
"211",48,30.6888888888889,1972,38,NA,NA,NA,NA,1834.82,1904.78,1641.91,23,26,28,30,32,34,38
"147",49,NA,1991,19,NA,76.39,100.91,100.58,117.71,144.36,197.94,4,7,9,11,13,15,19
"272",50,17.2472222222222,1989,21,35.1,62.74,71.6,121.98,112.13,99.87,3924.81,6,9,11,13,15,17,21
"86",51,18.0222222222222,1991,19,44.85,90.04,132.98,331.7,694.31,448.75,933.75,4,7,9,11,13,15,19
"258",52,23,1982,28,39,51.82,64.16,128.4,84.23,99.87,144.46,13,16,18,20,22,24,28
"311",53,NA,1998,12,NA,NA,NA,NA,NA,NA,3240.29,NA,0,2,4,6,8,12
"449",54,18.7027777777778,1982,28,545.35,517.87,529.16,945.88,NA,NA,NA,13,16,18,20,22,24,28
"392",55,19.9611111111111,1981,29,171.6,154.39,71.6,100.58,294.8,NA,NA,14,17,19,21,23,25,29
"163",56,NA,1998,12,NA,51.82,76.14,945.88,147.47,927.81,5092.71,NA,0,2,4,6,8,12
"474",57,NA,1997,13,NA,106.03,60.44,70.62,NA,NA,NA,NA,1,3,5,7,9,13
"345",58,NA,1999,11,NA,NA,60.44,NA,84.23,99.87,NA,NA,NA,1,3,5,7,11
"336",59,22.0388888888889,1978,28,NA,NA,1124.88,NA,NA,NA,NA,17,20,22,24,26,28,32
"448",60,17.8388888888889,1985,25,NA,NA,NA,NA,152.42,NA,NA,10,13,15,17,19,21,25
"400",61,NA,1966,44,NA,NA,NA,NA,NA,NA,NA,29,32,34,36,38,40,44
"82",62,18.9583333333333,1990,20,56.55,93.16,95.19,70.62,128.25,268.06,144.46,5,8,10,12,14,16,20
"368",63,18,1977,33,NA,NA,NA,226.84,NA,NA,NA,18,21,23,25,27,29,33
"109",64,14.8,1983,27,35.1,NA,NA,300.67,379.73,NA,3088,12,15,17,19,21,23,27
"183",65,17.3277777777778,1985,25,NA,NA,NA,206.51,1065.31,NA,661.47,10,13,15,17,19,21,25
"49",66,20.8472222222222,1978,32,35.1,62.74,71.6,121.98,112.13,99.87,808.74,17,20,22,24,26,28,32
"16",67,NA,1988,22,254.8,272.56,281.96,231.12,1021.44,2787.43,7374.93,7,10,12,14,16,18,22
"165",68,17,1980,30,NA,NA,235.27,456.89,886.27,1087.65,891.75,15,18,20,22,24,26,30
"17",69,NA,1991,19,254.8,272.56,281.96,231.12,1021.44,2787.43,7374.93,4,7,9,11,13,15,19
"58",70,NA,1998,12,NA,205.73,227.83,360.6,313.4,382.94,1445.76,NA,0,2,4,6,8,12
"289",71,NA,2001,9,NA,NA,NA,144.45,783.59,691.5,206.86,NA,NA,NA,1,3,5,9
"157",72,22.5722222222222,1976,34,48.75,65.47,60.44,247.17,130.11,99.87,2690.87,19,22,24,26,28,30,34
"134",73,17.7777777777778,1978,32,35.1,906.97,1128.16,1399.56,2137.37,3364.27,5095.44,17,20,22,24,26,28,32
"78",74,NA,1995,15,107.25,140.35,60.44,70.62,147.47,140.19,2371.45,0,3,5,7,9,11,15
"415",75,18,1979,31,35.1,NA,NA,NA,NA,NA,NA,16,19,21,23,25,27,31
"62",76,17.0277777777778,1992,18,35.1,60.01,NA,93.09,118.95,137.41,614.33,3,6,8,10,12,14,18
"261",77,17.3888888888889,1982,28,171.6,127.48,339.44,632.37,1322.98,2413.73,547.66,13,16,18,20,22,24,28
"301",78,18.9694444444444,1990,20,35.1,NA,237.14,104.86,174.75,662.82,197.94,5,8,10,12,14,16,20
"315",79,NA,1998,12,NA,NA,NA,NA,NA,NA,676.8,NA,0,2,4,6,8,12
"18",80,NA,1998,12,NA,247.85,295.41,269.64,1348.03,2517.55,7030.1,NA,0,2,4,6,8,12
"387",81,NA,1998,12,NA,65.47,97.64,79.18,345.02,389.89,NA,NA,0,2,4,6,8,12
"339",82,25.9805555555556,1977,33,NA,NA,237.14,NA,84.23,NA,NA,18,21,23,25,27,29,33
"81",83,20.8194444444444,1982,28,148.85,364.99,244.58,NA,328.28,NA,169.42,13,16,18,20,22,24,28
"126",84,NA,1997,13,NA,49.09,64.16,383.06,1882.55,11306.74,33886.77,NA,1,3,5,7,9,13
"335",85,16.9166666666667,1984,26,44.85,90.04,NA,NA,NA,448.75,NA,11,14,16,18,20,22,26
"228",86,NA,2000,10,NA,NA,NA,NA,NA,NA,1781.07,NA,NA,0,2,4,6,10
"120",87,NA,1997,13,NA,73.66,60.44,NA,2178.3,432.98,908.86,NA,1,3,5,7,9,13
"429",88,21.2722222222222,1979,31,89.7,138.01,126.31,841.02,NA,NA,NA,16,19,21,23,25,27,31
"360",89,NA,1999,11,NA,NA,NA,NA,328.28,NA,NA,NA,NA,1,3,5,7,11
"31",90,NA,1995,15,118.3,49.09,60.44,177.62,437.4,549.74,1267.19,0,3,5,7,9,11,15
"278",91,18.6555555555556,1980,30,NA,60.01,67.88,70.62,84.23,183.28,1343.07,15,18,20,22,24,26,30
"235",92,20.6,1985,25,47.45,49.09,NA,NA,NA,NA,144.46,10,13,15,17,19,21,25
"64",93,NA,1987,23,NA,NA,NA,NA,NA,NA,614.33,8,11,13,15,17,19,23
"52",94,17.2222222222222,1992,18,166.4,136.45,NA,NA,NA,349.57,2218.23,3,6,8,10,12,14,18
"309",95,20.0305555555556,1986,24,107.25,84.19,106.94,70.62,84.23,1472.29,250.67,9,12,14,16,18,20,24
"7",96,17.4166666666667,1992,18,434.2,422.57,671.13,1954.89,2376.07,2958.41,4210.85,3,6,8,10,12,14,18
"75",97,NA,1995,15,80.6,407.89,130.03,177.62,NA,1990.27,1100.62,0,3,5,7,9,11,15
"221",98,14.7888888888889,1990,20,283.4,172.58,209.23,247.17,333.86,2413.71,5872.55,5,8,10,12,14,16,20
"343",99,NA,1947,59,63.05,159.85,118.1,898.8,NA,NA,NA,48,51,53,55,57,59,63
"146",100,NA,1998,12,NA,76.39,100.91,100.58,117.71,144.36,197.94,NA,0,2,4,6,8,12
"233",101,22.7166666666667,1983,27,NA,NA,NA,NA,NA,960.29,1775.57,12,15,17,19,21,23,27
"413",102,15.2111111111111,1992,18,142.35,269.3,209.23,113.42,128.25,382.94,NA,3,6,8,10,12,14,18
"294",103,19,1980,30,NA,NA,NA,NA,NA,NA,411.87,15,18,20,22,24,26,30
"35",104,NA,2001,9,NA,NA,NA,468.66,2155.98,955.6,10689.11,NA,NA,NA,1,3,5,9
"232",105,17.75,1989,21,NA,NA,NA,NA,397.71,584.47,159.75,6,9,11,13,15,17,21
"341",106,NA,1995,15,67.6,130.21,NA,NA,NA,NA,NA,0,3,5,7,9,11,15
"271",107,14.1666666666667,1992,18,35.1,57.28,67.88,70.62,84.23,169.37,1493.75,3,6,8,10,12,14,18
"67",108,19.7166666666667,1986,24,44.85,57.28,60.44,247.17,568.21,NA,505.66,9,12,14,16,18,20,24
"313",109,16,1982,28,NA,NA,NA,NA,NA,NA,3240.29,13,16,18,20,22,24,28
"106",110,16.75,1993,17,NA,NA,NA,247.17,329.52,NA,2419.83,2,5,7,9,11,13,17
"71",111,17.8388888888889,1985,25,631.8,746.25,1622.78,1774.06,NA,NA,1754.9,10,13,15,17,19,21,25
"292",112,NA,2000,10,NA,NA,209.23,113.42,128.25,382.94,567.99,NA,NA,0,2,4,6,10
"444",113,NA,2000,10,NA,NA,NA,NA,NA,NA,NA,NA,NA,0,2,4,6,10
"76",114,NA,1998,12,NA,57.28,67.88,83.46,84.23,169.37,NA,NA,0,2,4,6,8,12
"213",115,NA,1992,18,35.1,49.09,64.16,184.05,84.23,NA,505.66,3,6,8,10,12,14,18
"305",116,NA,1998,12,NA,NA,NA,NA,NA,NA,169.42,NA,0,2,4,6,8,12
"28",117,NA,1998,12,NA,NA,203.01,231.12,295.02,526.11,4881.45,NA,0,2,4,6,8,12
"304",118,17.0083333333333,1989,21,145.6,130.21,225.53,502.9,675.7,594.7,581.38,6,9,11,13,15,17,21
"356",119,NA,1994,12,35.1,NA,110.66,NA,NA,NA,NA,1,4,6,8,10,12,16
"431",120,20.6944444444444,1980,30,261.95,538.93,NA,77.04,NA,NA,NA,15,18,20,22,24,26,30
"439",121,18.0888888888889,1983,27,40.95,200.41,60.44,395.9,639.13,NA,NA,12,15,17,19,21,23,27
"453",122,20.0777777777778,1981,29,98.8,NA,NA,NA,NA,NA,NA,14,17,19,21,23,25,29
"9",123,NA,1999,11,NA,NA,NA,1954.89,2376.07,2958.41,4210.85,NA,NA,1,3,5,7,11
"136",124,NA,1999,11,NA,NA,NA,NA,NA,NA,197.94,NA,NA,1,3,5,7,11
"438",125,NA,1998,12,NA,130.21,225.53,502.9,675.7,594.7,NA,NA,0,2,4,6,8,12
"493",126,17.3361111111111,1989,21,98.8,295.57,NA,NA,NA,NA,NA,6,9,11,13,15,17,21
"204",127,25.975,1980,30,45.5,62.35,97.19,170.13,91.67,1314.23,565.19,15,18,20,22,24,26,30
"487",128,18.7777777777778,1977,33,40.95,200.41,60.44,395.9,NA,NA,NA,18,21,23,25,27,29,33
"132",129,NA,2002,8,NA,NA,NA,1399.56,2137.37,3364.27,5095.44,NA,NA,NA,0,2,4,8
"310",130,32,1975,35,NA,NA,NA,NA,NA,NA,465.35,20,23,25,27,29,31,35
"300",131,20.1972222222222,1985,25,NA,NA,NA,NA,NA,NA,2043.13,10,13,15,17,19,21,25
"202",132,13.4833333333333,1983,27,NA,NA,NA,NA,328.28,NA,NA,12,15,17,19,21,23,27
"89",133,NA,1993,17,44.85,90.04,132.98,331.7,NA,448.75,933.75,2,5,7,9,11,13,17
"375",134,NA,1991,19,64.35,54.94,60.44,121.98,294.8,283.36,NA,4,7,9,11,13,15,19
"389",135,NA,1993,17,902.2,942.46,1147.2,383.06,1882.55,11306.74,NA,2,5,7,9,11,13,17
"245",136,24.5,1980,30,NA,49.09,157.16,70.62,84.23,NA,NA,15,18,20,22,24,26,30
"32",137,NA,1998,12,NA,49.09,60.44,177.62,437.4,549.74,1267.19,NA,0,2,4,6,8,12
"273",138,17.5833333333333,1991,19,NA,NA,NA,NA,NA,NA,346.06,4,7,9,11,13,15,19
"250",139,17.1666666666667,1988,22,NA,1291.12,1232.32,1366.39,1906.65,4699.87,891.75,7,10,12,14,16,18,22
"361",140,18.7222222222222,1978,32,87.75,132.16,NA,NA,NA,NA,NA,17,20,22,24,26,28,32
"402",141,NA,1933,73,NA,65.47,82.76,83.46,84.23,NA,NA,62,65,67,69,71,73,77
"254",142,18.8,1984,26,166.4,136.45,NA,NA,NA,434.86,614.33,11,14,16,18,20,22,26
"207",143,18.4666666666667,1981,29,35.1,NA,178.39,NA,NA,300.04,615.11,14,17,19,21,23,25,29
"420",144,NA,1999,11,NA,NA,60.44,383.06,492.57,549.74,NA,NA,NA,1,3,5,7,11
"142",145,NA,1997,13,NA,183.11,306.57,269.64,464.67,2577.33,8429.23,NA,1,3,5,7,9,13
"108",146,NA,1994,16,35.1,62.35,NA,376.64,444.84,238.87,1499.24,1,4,6,8,10,12,16
"20",147,NA,2002,8,NA,NA,NA,NA,1410.02,NA,4609.43,NA,NA,NA,0,2,4,8
"170",148,NA,1997,13,NA,905.37,NA,NA,NA,NA,5422.55,NA,1,3,5,7,9,13
"424",149,18,1980,30,74.1,NA,NA,NA,NA,NA,NA,15,18,20,22,24,26,30
"151",150,20.5833333333333,1978,32,119.6,54.55,67.88,93.09,294.8,382.94,284.55,17,20,22,24,26,28,32
"256",151,18.2472222222222,1977,33,NA,NA,NA,NA,NA,NA,1279.67,18,21,23,25,27,29,33
"152",152,18.0833333333333,1985,25,226.2,373.18,234.82,NA,152.42,2134.13,3910.81,10,13,15,17,19,21,25
"342",153,NA,1992,18,35.1,49.09,60.44,247.17,112.13,349.57,NA,3,6,8,10,12,14,18
"47",154,NA,1991,19,59.15,326.77,479.12,949.09,2054.83,510.82,3718.62,4,7,9,11,13,15,19
"463",155,NA,1985,21,NA,57.28,238.35,70.62,NA,NA,NA,10,13,15,17,19,21,25
"379",156,23.3138888888889,1981,25,35.1,57.67,178.39,NA,472.12,NA,NA,14,17,19,21,23,25,29
"125",157,NA,1993,17,NA,942.46,1147.2,383.06,1882.55,1538.11,33886.77,2,5,7,9,11,13,17
"274",158,18.1666666666667,1989,21,NA,474.56,238.35,70.62,226.83,633.15,480.63,6,9,11,13,15,17,21
"383",159,NA,1987,23,NA,NA,NA,1774.06,2268.81,109.61,NA,8,11,13,15,17,19,23
"492",160,NA,1980,26,NA,NA,NA,NA,437.4,NA,NA,15,18,20,22,24,26,30
"123",161,NA,1996,14,NA,52.21,60.44,247.17,322.31,109.61,197.94,NA,2,4,6,8,10,14
"122",162,15.6666666666667,1991,19,NA,1291.12,1232.32,1366.39,1906.65,4699.87,9342.7,4,7,9,11,13,15,19
"265",163,16.9166666666667,1988,22,NA,57.28,60.44,70.62,324.56,NA,NA,7,10,12,14,16,18,22
"68",164,NA,2000,10,NA,NA,60.44,247.17,568.21,NA,505.66,NA,NA,0,2,4,6,10
"473",165,NA,1994,16,44.85,NA,NA,NA,NA,NA,NA,1,4,6,8,10,12,16
"59",166,NA,1998,12,NA,51.82,60.44,150.87,578.14,1009.82,1768.74,NA,0,2,4,6,8,12
"1",167,NA,1996,14,NA,517.87,529.16,945.88,1779.7,4974.61,13901.33,NA,2,4,6,8,10,14
"14",168,NA,1992,18,35.1,NA,NA,NA,NA,2869.25,3424.19,3,6,8,10,12,14,18
"257",169,19.1666666666667,1985,25,427.7,825.97,600.02,692.29,3423.55,NA,826.55,10,13,15,17,19,21,25
"417",170,16.1972222222222,1984,26,285.35,853.27,1117.74,NA,NA,NA,NA,11,14,16,18,20,22,26
"43",171,16.8138888888889,1992,18,NA,NA,NA,NA,NA,NA,960.25,3,6,8,10,12,14,18
"454",172,23,1976,34,NA,49.09,64.16,83.46,324.56,137.41,NA,19,22,24,26,28,30,34
"103",173,NA,1990,20,NA,NA,NA,NA,84.23,99.87,235.38,5,8,10,12,14,16,20
"457",174,17.2666666666667,1978,28,NA,965.04,NA,NA,NA,NA,NA,17,20,22,24,26,28,32
"297",175,23.9138888888889,1974,36,NA,49.09,NA,NA,NA,349.57,1350.37,21,24,26,28,30,32,36
"196",176,NA,1998,12,NA,NA,67.88,NA,NA,99.87,540.23,NA,0,2,4,6,8,12
"382",177,24.5361111111111,1982,28,NA,1291.12,1232.32,1366.39,1906.65,4699.87,NA,13,16,18,20,22,24,28
"433",178,19.3333333333333,1977,29,NA,NA,NA,70.62,NA,NA,NA,18,21,23,25,27,29,33
"70",179,20.2527777777778,1984,26,80.6,92.38,71.6,326.35,2057.38,442.72,1754.9,11,14,16,18,20,22,26
"101",180,NA,1989,21,NA,NA,NA,239.68,84.23,99.87,235.38,6,9,11,13,15,17,21
"113",181,NA,1998,12,NA,175.31,240.26,247.17,300.38,620.62,505.66,NA,0,2,4,6,8,12
"288",182,18.4083333333333,1985,25,NA,NA,NA,NA,NA,NA,4300.2,10,13,15,17,19,21,25
"219",183,NA,2001,9,NA,NA,NA,349.89,NA,NA,960.25,NA,NA,NA,1,3,5,9
"367",184,NA,1993,17,NA,NA,237.14,104.86,174.75,662.82,NA,2,5,7,9,11,13,17
"380",185,NA,1975,31,NA,NA,NA,NA,NA,NA,NA,20,23,25,27,29,31,35
"470",186,NA,1995,15,NA,NA,NA,226.84,NA,NA,NA,0,3,5,7,9,11,15
"38",187,NA,1994,16,171.6,127.48,339.44,632.37,1322.98,2413.73,3245.75,1,4,6,8,10,12,16
"172",188,NA,1999,11,NA,NA,NA,NA,NA,NA,5422.55,NA,NA,1,3,5,7,11
"480",189,28.8166666666667,1970,36,NA,NA,NA,70.62,NA,NA,NA,25,28,30,32,34,36,40
"318",190,29,1975,35,NA,NA,NA,NA,NA,NA,NA,20,23,25,27,29,31,35
"100",191,18.6611111111111,1980,30,35.1,NA,NA,NA,91.67,99.87,263.15,15,18,20,22,24,26,30
"268",192,17.25,1990,20,NA,103.69,79.04,70.62,226.83,349.57,1176.42,5,8,10,12,14,16,20
"173",193,21.7694444444444,1981,29,NA,NA,NA,70.62,1278.59,2143.85,3660.91,14,17,19,21,23,25,29
"174",194,14.0666666666667,1989,21,80.6,NA,NA,420.51,113.99,99.87,649.31,6,9,11,13,15,17,21
"408",195,18.4833333333333,1978,32,35.1,NA,783.27,323.14,NA,NA,NA,17,20,22,24,26,28,32
"98",196,19.3361111111111,1982,28,35.1,90.04,63.71,111.28,NA,NA,263.15,13,16,18,20,22,24,28
"485",197,18.4305555555556,1982,24,NA,NA,79.04,NA,NA,NA,NA,13,16,18,20,22,24,28
"29",198,17.5305555555556,1980,30,283.4,172.58,209.23,NA,NA,NA,634.02,15,18,20,22,24,26,30
"394",199,NA,2001,9,NA,NA,NA,NA,84.23,NA,NA,NA,NA,NA,1,3,5,9
"218",200,18.9472222222222,1980,30,35.1,122.02,79.04,74.9,140.03,169.37,197.94,15,18,20,22,24,26,30
"334",201,NA,1990,16,NA,302.59,134.84,439.77,951.99,549.74,NA,5,8,10,12,14,16,20
"191",202,21.7722222222222,1978,32,58.5,NA,NA,NA,91.67,99.87,222.9,17,20,22,24,26,28,32
"349",203,NA,1989,17,NA,54.55,67.88,150.87,NA,NA,NA,6,9,11,13,15,17,21
"407",204,18.2361111111111,1984,26,39,51.82,64.16,128.4,95.39,133.24,NA,11,14,16,18,20,22,26
"95",205,NA,1996,14,NA,NA,NA,NA,NA,2010.43,4815.65,NA,2,4,6,8,10,14
"129",206,NA,1996,14,NA,942.46,1147.2,383.06,1882.55,11306.74,33886.77,NA,2,4,6,8,10,14
"344",207,14.4166666666667,1985,25,NA,NA,NA,NA,NA,NA,NA,10,13,15,17,19,21,25
"404",208,17.3333333333333,1989,21,NA,76.39,100.91,100.58,117.71,144.36,NA,6,9,11,13,15,17,21
"24",209,NA,1999,11,NA,NA,60.44,835.67,NA,359.31,505.66,NA,NA,1,3,5,7,11
"13",210,17.3277777777778,1987,23,35.1,407.89,130.03,1263.67,2178.3,NA,3424.19,8,11,13,15,17,19,23
"239",211,18,1977,33,35.1,122.02,79.04,74.9,167.93,204.12,206.86,18,21,23,25,27,29,33
"143",212,NA,2002,8,NA,NA,NA,269.64,464.67,2577.33,8429.23,NA,NA,NA,0,2,4,8
"243",213,NA,1997,13,NA,NA,NA,NA,NA,349.57,1686.67,NA,1,3,5,7,9,13
"139",214,17.9305555555556,1979,31,NA,49.09,60.44,87.74,84.23,99.87,269.26,16,19,21,23,25,27,31
"242",215,NA,1995,15,NA,NA,NA,NA,NA,349.57,1686.67,0,3,5,7,9,11,15
"153",216,NA,1992,18,NA,NA,NA,NA,NA,NA,5996.15,3,6,8,10,12,14,18
"141",217,18.7972222222222,1977,33,35.1,183.11,306.57,269.64,464.67,2577.33,8429.23,18,21,23,25,27,29,33
"200",218,15.6166666666667,1985,25,NA,NA,67.88,1796.53,84.23,142.96,275.63,10,13,15,17,19,21,25
"11",219,NA,2002,8,NA,NA,NA,1399.56,1989.8,2520.56,6741.51,NA,NA,NA,0,2,4,8
"347",220,NA,1990,20,NA,474.56,238.35,70.62,226.83,633.15,NA,5,8,10,12,14,16,20
"281",221,NA,1996,14,NA,NA,NA,NA,NA,NA,2352.87,NA,2,4,6,8,10,14
"391",222,19.5972222222222,1977,29,NA,NA,NA,150.87,NA,NA,NA,18,21,23,25,27,29,33
"328",223,19.4166666666667,1984,26,680.55,885.91,1223.02,1399.56,1989.8,2520.56,NA,11,14,16,18,20,22,26
"216",224,18.4166666666667,1986,24,NA,NA,NA,NA,84.23,382.94,533.43,9,12,14,16,18,20,24
"158",225,19,1979,31,NA,NA,231.1,247.17,472.12,1472.29,3202.85,16,19,21,23,25,27,31
"161",226,17.3,1981,29,127.4,218.6,60.44,1457.34,472.12,559.45,1254.71,14,17,19,21,23,25,29
"192",227,NA,2001,9,NA,NA,NA,NA,91.67,99.87,222.9,NA,NA,NA,1,3,5,9
"316",228,NA,2000,10,NA,NA,NA,NA,NA,NA,676.8,NA,NA,0,2,4,6,10
"22",229,NA,1994,16,625.95,901.51,1117.44,659.12,623.38,642.86,4344.55,1,4,6,8,10,12,16
"376",230,17.8333333333333,1980,30,287.95,321.17,NA,NA,NA,NA,NA,15,18,20,22,24,26,30
"469",231,18,1980,30,NA,NA,NA,226.84,NA,NA,NA,15,18,20,22,24,26,30
"298",232,NA,1996,14,NA,NA,NA,NA,NA,NA,194.38,NA,2,4,6,8,10,14
"320",233,13.5583333333333,1988,18,NA,NA,67.88,1796.53,333.24,NA,NA,7,10,12,14,16,18,22
"403",234,NA,1980,26,NA,NA,1232.32,NA,NA,NA,NA,15,18,20,22,24,26,30
"130",235,NA,1993,17,NA,49.09,NA,NA,251.63,2043.77,33886.77,2,5,7,9,11,13,17
"73",236,17,1984,26,40.95,49.09,60.44,200.09,NA,300.04,1100.62,11,14,16,18,20,22,26
"426",237,NA,1992,14,35.1,84.19,178.39,NA,NA,NA,NA,3,6,8,10,12,14,18
"329",238,15.25,1981,29,NA,NA,NA,360.6,655.64,2352.16,NA,14,17,19,21,23,25,29
"222",239,17.225,1986,24,35.1,57.28,67.88,83.46,84.23,389.89,1416.95,9,12,14,16,18,20,24
"117",240,NA,1998,12,NA,934.27,1127.01,854.94,84.23,2148.03,2347.41,NA,0,2,4,6,8,12
"114",241,19.3138888888889,1976,34,NA,175.31,240.26,247.17,300.38,620.62,505.66,19,22,24,26,28,30,34
"234",242,17.05,1987,23,103.35,NA,76.14,114.49,276.42,476.07,NA,8,11,13,15,17,19,23
"307",243,15.8777777777778,1989,21,NA,132.94,87.75,NA,NA,NA,NA,6,9,11,13,15,17,21
"224",244,20.7388888888889,1984,26,NA,825.97,600.02,692.29,3423.55,559.45,169.42,11,14,16,18,20,22,26
"406",245,NA,1997,13,NA,154.39,71.6,100.58,294.8,133.24,NA,NA,1,3,5,7,9,13
"55",246,NA,1998,12,NA,373.18,228.65,269.64,351.84,730.45,169.42,NA,0,2,4,6,8,12
"135",247,16.875,1979,31,40.95,110.71,1127.01,NA,NA,NA,197.94,16,19,21,23,25,27,31
"337",248,19.0416666666667,1980,30,52.65,49.09,134.84,383.06,492.57,549.74,NA,15,18,20,22,24,26,30
"69",249,16.9333333333333,1993,17,44.85,57.28,60.44,247.17,568.21,642.86,505.66,2,5,7,9,11,13,17
"237",250,NA,1993,17,35.1,NA,67.88,NA,NA,99.87,4359.83,2,5,7,9,11,13,17
"182",251,22.5833333333333,1986,24,NA,NA,NA,NA,NA,NA,1820.15,9,12,14,16,18,20,24
"290",252,15.9972222222222,1981,29,148.2,52.21,358.36,144.45,783.59,2670.45,206.86,14,17,19,21,23,25,29
"50",253,NA,1998,12,NA,NA,75.32,376.64,470.25,559.45,2483.2,NA,0,2,4,6,8,12
"179",254,NA,1999,11,NA,NA,339.44,NA,1322.98,2413.73,4639.01,NA,NA,1,3,5,7,11
"171",255,19.0611111111111,1978,32,189.15,905.37,NA,NA,NA,NA,5422.55,17,20,22,24,26,28,32
"104",256,NA,2000,10,NA,NA,NA,70.62,84.23,99.87,144.46,NA,NA,0,2,4,6,10
"255",257,NA,1999,11,NA,NA,60.44,362.73,494.44,549.74,1279.67,NA,NA,1,3,5,7,11
"119",258,19.4833333333333,1977,33,NA,172.58,209.23,70.62,294.8,349.57,3606.05,18,21,23,25,27,29,33
"65",259,NA,1997,13,NA,60.01,NA,93.09,118.95,137.41,614.33,NA,1,3,5,7,9,13
"489",260,19,1978,32,144.3,NA,NA,NA,NA,NA,NA,17,20,22,24,26,28,32
"446",261,20,1983,23,35.1,NA,NA,NA,NA,NA,NA,12,15,17,19,21,23,27
"199",262,NA,2001,9,NA,NA,NA,1796.53,84.23,142.96,275.63,NA,NA,NA,1,3,5,9
"447",263,NA,1993,17,35.1,54.55,60.44,79.18,84.23,584.47,NA,2,5,7,9,11,13,17
"208",264,17.1638888888889,1986,24,171.6,54.55,228.65,195.81,118.95,142.96,651.06,9,12,14,16,18,20,24
"15",265,NA,1998,12,NA,538.93,60.44,70.62,2136.74,2869.25,3424.19,NA,0,2,4,6,8,12
"54",266,NA,1999,11,NA,NA,71.6,121.98,112.13,99.87,181.9,NA,NA,1,3,5,7,11
"421",267,NA,1991,15,NA,NA,130.03,NA,NA,NA,NA,4,7,9,11,13,15,19
"23",268,15.2333333333333,1987,23,142.35,284.26,NA,NA,226.83,NA,1656.49,8,11,13,15,17,19,23
"137",269,NA,1996,14,NA,49.09,60.44,87.74,84.23,99.87,269.26,NA,2,4,6,8,10,14
"8",270,NA,2001,9,NA,NA,NA,1954.89,NA,2958.41,4210.85,NA,NA,NA,1,3,5,9
"231",271,17,1978,32,NA,NA,79.04,74.9,140.03,349.57,559.14,17,20,22,24,26,28,32
"286",272,NA,1991,19,NA,NA,NA,NA,NA,NA,962.34,4,7,9,11,13,15,19
"44",273,15.2777777777778,1987,23,58.5,302.59,134.84,439.77,84.23,99.87,2264.64,8,11,13,15,17,19,23
"5",274,NA,2002,8,NA,NA,NA,253.59,581.24,349.57,1614.97,NA,NA,NA,0,2,4,8
"26",275,NA,1993,17,287.95,321.17,NA,854.94,NA,1608.92,NA,2,5,7,9,11,13,17
"464",276,NA,1981,29,107.25,84.19,NA,NA,NA,NA,NA,14,17,19,21,23,25,29
"91",277,18.3333333333333,1977,33,35.1,NA,NA,NA,NA,NA,505.66,18,21,23,25,27,29,33
"160",278,19.7888888888889,1982,28,NA,NA,NA,NA,NA,NA,1632.63,13,16,18,20,22,24,28
"348",279,22.2833333333333,1977,33,35.1,90.04,63.71,NA,NA,238.87,NA,18,21,23,25,27,29,33
"481",280,NA,1995,11,35.1,120.85,NA,NA,NA,NA,NA,0,3,5,7,9,11,15
"443",281,NA,2001,9,NA,NA,NA,NA,440.11,NA,NA,NA,NA,NA,1,3,5,9
"346",282,17.4166666666667,1982,28,103.35,NA,222.26,581.01,444.84,926.92,NA,13,16,18,20,22,24,28
"418",283,NA,2000,10,NA,NA,1117.74,NA,NA,NA,NA,NA,NA,0,2,4,6,10
"34",284,NA,1996,14,NA,339.11,358.21,468.66,2155.98,955.6,10689.11,NA,2,4,6,8,10,14
"180",285,17.2666666666667,1978,32,545.35,517.87,529.16,177.62,226.83,4974.61,7169.24,17,20,22,24,26,28,32
"223",286,18.1305555555556,1984,26,647.4,864.85,1158.56,144.45,122.67,99.87,810.51,11,14,16,18,20,22,26
"121",287,20.4222222222222,1985,25,NA,1291.12,1232.32,1366.39,1906.65,4699.87,9342.7,10,13,15,17,19,21,25
"401",288,17.8694444444444,1980,30,NA,57.28,NA,NA,84.23,NA,NA,15,18,20,22,24,26,30
"12",289,NA,1989,21,680.55,885.91,1223.02,1399.56,1989.8,2520.56,6741.51,6,9,11,13,15,17,21
"150",290,NA,1996,14,NA,132.94,87.75,NA,NA,212.46,1458.95,NA,2,4,6,8,10,14
"308",291,17.9166666666667,1991,19,NA,NA,NA,NA,NA,NA,913.91,4,7,9,11,13,15,19
"177",292,NA,2000,10,NA,NA,NA,632.37,1322.98,2413.73,4639.01,NA,NA,0,2,4,6,10
"482",293,NA,1970,40,NA,NA,212.95,NA,NA,NA,NA,25,28,30,32,34,36,40
"293",294,17.7777777777778,1992,18,NA,62.74,63.71,74.9,112.13,212.46,841.83,3,6,8,10,12,14,18
"2",295,NA,1993,17,545.35,517.87,529.16,945.88,1779.7,3928.41,13901.33,2,5,7,9,11,13,17
"215",296,19.075,1983,27,NA,NA,NA,NA,NA,266.67,679.27,12,15,17,19,21,23,27
"128",297,NA,1995,15,40.95,49.09,60.44,200.09,251.63,2043.77,33886.77,0,3,5,7,9,11,15
"193",298,19.5166666666667,1990,20,NA,NA,NA,NA,NA,99.87,159.75,5,8,10,12,14,16,20
"253",299,17.1166666666667,1989,21,35.1,73.27,60.44,70.62,84.23,109.61,826.55,6,9,11,13,15,17,21
"366",300,17.5111111111111,1987,23,166.4,136.45,NA,NA,NA,NA,NA,8,11,13,15,17,19,23
"118",301,NA,2001,9,NA,NA,NA,854.94,84.23,2148.03,2347.41,NA,NA,NA,1,3,5,9
"357",302,NA,1997,13,NA,167.65,146.18,1924.93,2178.3,4024.52,NA,NA,1,3,5,7,9,13
"282",303,NA,1998,12,NA,NA,NA,NA,NA,NA,2352.87,NA,0,2,4,6,8,12
"212",304,18.8305555555556,1989,21,35.1,49.09,64.16,70.62,84.23,NA,505.66,6,9,11,13,15,17,21
"323",305,NA,1999,11,NA,NA,1622.78,1774.06,2268.81,3023.75,NA,NA,NA,1,3,5,7,11
"187",306,NA,2002,8,NA,NA,NA,74.9,294.8,533.06,1120.85,NA,NA,NA,0,2,4,8
"490",307,NA,1965,41,235.3,167.26,NA,NA,NA,NA,NA,30,33,35,37,39,41,45
"365",308,NA,2002,8,NA,NA,NA,104.86,174.75,662.82,NA,NA,NA,NA,0,2,4,8
"201",309,17.6,1983,27,35.1,51.82,60.44,572.45,150.57,162.41,1513.66,12,15,17,19,21,23,27
"350",310,NA,1957,49,35.1,49.09,60.44,NA,NA,NA,NA,38,41,43,45,47,49,53
"175",311,NA,2000,10,NA,NA,157.16,420.51,113.99,149.91,649.31,NA,NA,0,2,4,6,10
"277",312,24.0833333333333,1981,29,NA,NA,NA,NA,NA,NA,11085.8,14,17,19,21,23,25,29
"94",313,NA,1998,12,NA,NA,NA,NA,NA,2010.43,4815.65,NA,0,2,4,6,8,12
"398",314,NA,1994,16,204.1,129.43,339.44,70.62,152.43,2120.94,NA,1,4,6,8,10,12,16
"362",315,NA,1993,17,285.35,54.55,60.44,300.67,1017.95,466.35,NA,2,5,7,9,11,13,17
"370",316,16.25,1988,22,35.1,76.39,234.82,74.9,141.89,99.87,NA,7,10,12,14,16,18,22
"247",317,21.3694444444444,1986,24,41.6,132.94,537.87,144.45,239.85,NA,3279.78,9,12,14,16,18,20,24
"388",318,16.25,1988,18,NA,NA,NA,NA,NA,349.57,NA,7,10,12,14,16,18,22
"422",319,NA,1987,19,NA,372.01,NA,NA,NA,NA,NA,8,11,13,15,17,19,23
"164",320,19.3944444444444,1976,34,119.6,65.47,154.06,87.74,147.47,927.81,5092.71,19,22,24,26,28,30,34
"40",321,NA,1999,11,NA,NA,60.44,70.62,749.88,1284.64,960.25,NA,NA,1,3,5,7,11
"476",322,NA,1998,8,NA,NA,NA,NA,NA,NA,NA,NA,0,2,4,6,8,12
"486",323,NA,1985,25,35.1,NA,NA,NA,NA,NA,NA,10,13,15,17,19,21,25
"37",324,NA,2002,8,NA,NA,NA,70.62,84.23,109.61,518.14,NA,NA,NA,0,2,4,8
"386",325,24.4944444444444,1982,28,46.8,57.28,79.04,NA,NA,359.31,NA,13,16,18,20,22,24,28
"423",326,NA,1993,17,NA,NA,1049.86,NA,NA,2010.43,NA,2,5,7,9,11,13,17
"133",327,NA,1995,15,35.1,906.97,1128.16,1399.56,2137.37,3364.27,5095.44,0,3,5,7,9,11,15
"167",328,30.4166666666667,1969,41,NA,76.39,NA,70.62,NA,NA,144.46,26,29,31,33,35,37,41
"90",329,NA,2000,10,NA,NA,NA,NA,NA,NA,505.66,NA,NA,0,2,4,6,10
"460",330,20.075,1975,35,35.1,244.73,67.88,70.62,NA,NA,NA,20,23,25,27,29,31,35
"240",331,15.9388888888889,1984,26,39,52.21,60.44,70.62,822.03,414.91,596.58,11,14,16,18,20,22,26
"430",332,17.5444444444444,1988,22,NA,474.56,238.35,70.62,NA,633.15,NA,7,10,12,14,16,18,22
"162",333,NA,2001,9,NA,NA,NA,1457.34,472.12,559.45,1254.71,NA,NA,NA,1,3,5,9
"397",334,18.9166666666667,1985,25,35.1,326.38,281.13,253.59,581.24,NA,NA,10,13,15,17,19,21,25
"445",335,18,1978,28,NA,106.03,NA,NA,NA,NA,NA,17,20,22,24,26,28,32
"276",336,16.0833333333333,1992,18,NA,NA,NA,NA,NA,NA,559.14,3,6,8,10,12,14,18
"83",337,NA,1997,13,NA,93.16,95.19,105.93,128.25,268.06,144.46,NA,1,3,5,7,9,13
"428",338,NA,1999,11,NA,NA,60.44,NA,NA,NA,NA,NA,NA,1,3,5,7,11
"45",339,NA,2001,9,NA,NA,NA,949.09,2054.83,3468.52,3718.62,NA,NA,NA,1,3,5,9
"269",340,18.5805555555556,1990,20,52.65,49.09,60.44,70.62,302.47,99.87,625.03,5,8,10,12,14,16,20
"107",341,18.5416666666667,1977,33,142.35,57.67,337.76,466.52,202.02,540.51,256.78,18,21,23,25,27,29,33
"260",342,18.7805555555556,1985,25,NA,NA,NA,NA,NA,NA,465.35,10,13,15,17,19,21,25
"477",343,NA,1988,22,285.35,NA,NA,NA,NA,NA,NA,7,10,12,14,16,18,22
"466",344,20,1981,25,NA,NA,60.44,NA,NA,NA,NA,14,17,19,21,23,25,29
"93",345,NA,2001,9,NA,NA,NA,NA,NA,2010.43,4815.65,NA,NA,NA,1,3,5,9
"241",346,NA,1993,17,NA,NA,NA,NA,NA,349.57,1686.67,2,5,7,9,11,13,17
"440",347,NA,1997,9,NA,NA,NA,NA,NA,382.94,NA,NA,1,3,5,7,9,13
"97",348,18.6527777777778,1990,20,35.1,90.04,63.71,111.28,91.67,238.87,263.15,5,8,10,12,14,16,20
"225",349,17.9583333333333,1986,24,39,51.82,64.16,128.4,NA,349.57,465.35,9,12,14,16,18,20,24
"178",350,19.6916666666667,1980,30,41.6,132.94,537.87,200.09,84.23,1176.71,4639.01,15,18,20,22,24,26,30
"352",351,NA,1989,21,64.35,76.39,NA,102.72,84.23,99.87,NA,6,9,11,13,15,17,21
"325",352,19.9166666666667,1986,24,189.15,NA,NA,NA,NA,NA,NA,9,12,14,16,18,20,24
"99",353,19.6611111111111,1985,25,35.1,90.04,63.71,111.28,NA,238.87,263.15,10,13,15,17,19,21,25
"410",354,20.6305555555556,1980,30,123.5,178.04,216.67,280.34,437.4,628.95,NA,15,18,20,22,24,26,30
"442",355,NA,1974,32,588.9,110.71,NA,NA,NA,NA,NA,21,24,26,28,30,32,36
"427",356,NA,1997,9,NA,NA,NA,1263.67,NA,NA,NA,NA,1,3,5,7,9,13
"138",357,NA,1999,11,NA,NA,60.44,87.74,84.23,99.87,269.26,NA,NA,1,3,5,7,11
"3",358,NA,1998,12,NA,54.55,67.88,344.55,NA,NA,219.34,NA,0,2,4,6,8,12
"149",359,20,1988,22,NA,132.94,87.75,NA,NA,NA,1458.95,7,10,12,14,16,18,22
"414",360,17.7638888888889,1978,28,47.45,110.71,60.44,NA,NA,NA,NA,17,20,22,24,26,28,32
"39",361,NA,1996,14,NA,864.85,1158.56,144.45,122.67,619.24,3234.75,NA,2,4,6,8,10,14
"131",362,NA,1999,11,NA,NA,1128.16,1399.56,2137.37,3364.27,5095.44,NA,NA,1,3,5,7,11
"181",363,18.6666666666667,1982,28,NA,NA,318.98,195.81,91.67,142.96,802.74,13,16,18,20,22,24,28
"451",364,NA,1986,24,NA,NA,NA,NA,NA,NA,NA,9,12,14,16,18,20,24
"461",365,NA,1953,53,NA,169.85,209.23,70.62,NA,NA,NA,42,45,47,49,51,53,57
"285",366,17.7027777777778,1990,20,35.1,76.39,234.82,74.9,141.89,NA,2909.73,5,8,10,12,14,16,20
"390",367,NA,1989,21,166.4,136.45,NA,NA,NA,434.86,NA,6,9,11,13,15,17,21
"116",368,NA,2001,9,NA,NA,NA,121.98,294.8,283.36,NA,NA,NA,NA,1,3,5,9
"105",369,NA,1995,15,37.7,73.66,67.88,70.62,118.95,429.31,2419.83,0,3,5,7,9,11,15
"56",370,19.6583333333333,1982,28,123.5,178.04,NA,327.42,91.67,99.87,568.06,13,16,18,20,22,24,28
"452",371,18.3333333333333,1978,28,NA,54.55,60.44,70.62,NA,NA,NA,17,20,22,24,26,28,32
"226",372,17.6916666666667,1987,23,680.55,885.91,1223.02,1399.56,1989.8,359.31,238.19,8,11,13,15,17,19,23
"85",373,15.9166666666667,1985,25,NA,NA,265.03,326.35,822.03,1990.27,3909.39,10,13,15,17,19,21,25
"185",374,NA,1996,14,NA,76.39,60.44,70.62,219.39,546.06,1582.43,NA,2,4,6,8,10,14
"321",375,18.9694444444444,1983,27,381.55,603.51,804.56,1014.36,1410.02,NA,NA,12,15,17,19,21,23,27
"456",376,NA,1997,9,NA,49.09,NA,NA,NA,NA,NA,NA,1,3,5,7,9,13
"203",377,17.1638888888889,1984,26,45.5,62.35,97.19,170.13,1027.64,699.86,565.19,11,14,16,18,20,22,26
"115",378,NA,1996,14,NA,54.94,60.44,121.98,294.8,283.36,NA,NA,2,4,6,8,10,14
"51",379,NA,1994,16,74.1,76.39,75.32,376.64,470.25,559.45,2483.2,1,4,6,8,10,12,16
"210",380,28.6583333333333,1976,34,NA,NA,NA,NA,472.12,580.3,939.87,19,22,24,26,28,30,34
"46",381,NA,1994,16,59.15,326.77,479.12,949.09,2054.83,3468.52,3718.62,1,4,6,8,10,12,16
"159",382,16.4166666666667,1983,27,61.1,86.92,231.1,247.17,294.8,142.96,3202.85,12,15,17,19,21,23,27
"369",383,NA,1984,22,181.35,NA,NA,NA,NA,NA,NA,11,14,16,18,20,22,26
"145",384,NA,1996,14,NA,76.39,100.91,100.58,117.71,144.36,197.94,NA,2,4,6,8,10,14
"374",385,19,1978,32,171.6,NA,339.44,NA,NA,2413.73,NA,17,20,22,24,26,28,32
"324",386,NA,1996,14,NA,746.25,1622.78,1774.06,2268.81,3023.75,NA,NA,2,4,6,8,10,14
"373",387,NA,2001,9,NA,NA,NA,NA,1322.98,2413.73,NA,NA,NA,NA,1,3,5,9
"395",388,20,1984,26,40.95,NA,NA,NA,NA,NA,NA,11,14,16,18,20,22,26
"332",389,20.25,1980,26,119.6,205.73,227.83,70.62,124.53,191.61,NA,15,18,20,22,24,26,30
"244",390,18,1980,30,NA,NA,NA,NA,NA,392.66,5367.83,15,18,20,22,24,26,30
"110",391,NA,2000,10,NA,NA,75.32,79.18,294.8,530.77,1939.73,NA,NA,0,2,4,6,10
"236",392,NA,1997,13,NA,62.35,97.19,170.13,91.67,559.45,543.1,NA,1,3,5,7,9,13
"435",393,NA,1994,12,35.1,NA,110.66,NA,NA,NA,NA,1,4,6,8,10,12,16
"53",394,18.4166666666667,1988,22,NA,905.37,899.42,247.17,1027.64,699.86,181.9,7,10,12,14,16,18,22
"249",395,NA,2001,9,NA,NA,NA,945.88,84.23,3928.41,4353.47,NA,NA,NA,1,3,5,9
"494",396,NA,1994,16,NA,57.28,NA,NA,NA,NA,NA,1,4,6,8,10,12,16
"358",397,22.0833333333333,1979,31,NA,NA,NA,211.86,237.99,4024.52,NA,16,19,21,23,25,27,31
"436",398,19.25,1988,22,NA,130.21,225.53,502.9,675.7,594.7,NA,7,10,12,14,16,18,22
"458",399,22.6527777777778,1981,29,369.2,701.95,665.12,1611.42,2057.38,NA,NA,14,17,19,21,23,25,29
"111",400,20.1694444444444,1985,25,61.1,89.65,75.32,79.18,NA,NA,1939.73,10,13,15,17,19,21,25
"467",401,16.0833333333333,1986,20,44.85,90.04,132.98,331.7,NA,NA,NA,9,12,14,16,18,20,24
"287",402,17.9166666666667,1981,29,NA,NA,NA,NA,NA,NA,749.26,14,17,19,21,23,25,29
"87",403,19.1416666666667,1978,32,44.85,90.04,132.98,331.7,NA,448.75,933.75,17,20,22,24,26,28,32
"372",404,16.6527777777778,1980,30,631.8,746.25,NA,NA,NA,NA,NA,15,18,20,22,24,26,30
"66",405,21.8222222222222,1976,34,74.1,52.21,NA,376.64,NA,NA,505.66,19,22,24,26,28,30,34
"432",406,NA,1999,11,NA,NA,418.18,231.12,NA,NA,NA,NA,NA,1,3,5,7,11
"279",407,21.5833333333333,1984,26,NA,NA,NA,NA,NA,NA,1001.66,11,14,16,18,20,22,26
"491",408,NA,1994,16,NA,NA,60.44,NA,NA,NA,NA,1,4,6,8,10,12,16
"471",409,21.0277777777778,1983,27,171.6,54.55,318.98,195.81,91.67,NA,NA,12,15,17,19,21,23,27
"312",410,NA,2001,9,NA,NA,NA,NA,NA,NA,3240.29,NA,NA,NA,1,3,5,9
"229",411,16.9055555555556,1987,23,35.1,60.01,NA,93.09,118.95,349.57,1781.07,8,11,13,15,17,19,23
"30",412,18.9166666666667,1982,28,40.95,NA,NA,NA,NA,2273.13,5004.17,13,16,18,20,22,24,28
"155",413,18.1222222222222,1977,33,226.2,373.18,228.65,269.64,351.84,730.45,4542.71,18,21,23,25,27,29,33
"88",414,NA,1997,13,NA,90.04,132.98,331.7,694.31,448.75,933.75,NA,1,3,5,7,9,13
"206",415,17.4583333333333,1986,24,NA,NA,NA,114.49,265.26,351.45,723.85,9,12,14,16,18,20,24
"230",416,NA,1999,11,NA,NA,79.04,74.9,140.03,349.57,559.14,NA,NA,1,3,5,7,11
"127",417,NA,1999,11,NA,NA,1147.2,383.06,1882.55,11306.74,33886.77,NA,NA,1,3,5,7,11
"144",418,NA,1997,13,NA,57.28,NA,NA,NA,NA,773.07,NA,1,3,5,7,9,13
"377",419,NA,1997,13,NA,NA,NA,NA,NA,NA,NA,NA,1,3,5,7,9,13
"363",420,18.7361111111111,1984,26,NA,NA,NA,NA,549.6,NA,NA,11,14,16,18,20,22,26
"124",421,NA,2000,10,NA,NA,NA,842.09,1880.69,1572.36,3954.13,NA,NA,0,2,4,6,10
"176",422,NA,1997,13,NA,51.82,157.16,70.62,113.99,NA,649.31,NA,1,3,5,7,9,13
"267",423,NA,2001,9,NA,NA,NA,NA,NA,NA,518.14,NA,NA,NA,1,3,5,9
"189",424,NA,1997,13,NA,NA,NA,NA,84.23,349.57,1826.92,NA,1,3,5,7,9,13
"317",425,18.5666666666667,1990,20,119.6,205.73,227.83,360.6,313.4,382.94,465.35,5,8,10,12,14,16,20
"327",426,16.9055555555556,1985,21,NA,NA,NA,349.89,NA,NA,NA,10,13,15,17,19,21,25
"264",427,20.7361111111111,1986,24,NA,NA,NA,NA,NA,NA,197.94,9,12,14,16,18,20,24
"409",428,NA,1999,7,NA,NA,83.32,NA,NA,NA,NA,NA,NA,1,3,5,7,11
"275",429,22.4166666666667,1980,30,NA,NA,NA,NA,NA,NA,490.31,15,18,20,22,24,26,30
"351",430,NA,1995,11,44.85,51.82,67.88,513.61,328.28,2670.45,NA,0,3,5,7,9,11,15
"303",431,NA,1999,11,NA,NA,NA,NA,NA,NA,144.46,NA,NA,1,3,5,7,11
"270",432,18.4277777777778,1988,22,35.1,326.38,281.13,253.59,581.24,349.57,625.03,7,10,12,14,16,18,22
"60",433,NA,1993,17,35.1,49.09,60.44,93.09,111.51,99.87,159.75,2,5,7,9,11,13,17
"92",434,NA,1998,12,NA,NA,NA,NA,NA,NA,505.66,NA,0,2,4,6,8,12
"399",435,NA,1996,10,NA,54.55,60.44,NA,NA,NA,NA,NA,2,4,6,8,10,14
"220",436,17.0916666666667,1983,27,NA,NA,NA,NA,NA,498.31,960.25,12,15,17,19,21,23,27
"359",437,NA,1995,11,35.1,NA,NA,NA,NA,NA,NA,0,3,5,7,9,11,15
"330",438,NA,1993,17,54.6,52.21,130.53,70.62,605.65,427.9,NA,2,5,7,9,11,13,17
"355",439,16.7305555555556,1990,20,68.25,162.19,60.44,77.04,530.01,109.61,NA,5,8,10,12,14,16,20
"154",440,NA,1997,13,NA,NA,172.04,74.9,350.6,962.55,5996.15,NA,1,3,5,7,9,13
"74",441,NA,1999,11,NA,NA,130.03,177.62,NA,1990.27,1100.62,NA,NA,1,3,5,7,11
"378",442,15.5,1983,27,NA,NA,NA,NA,396.48,181.88,NA,12,15,17,19,21,23,27
"6",443,NA,2000,10,NA,NA,NA,253.59,581.24,349.57,1614.97,NA,NA,0,2,4,6,10
"441",444,NA,1982,24,181.35,NA,NA,NA,NA,NA,NA,13,16,18,20,22,24,28
"169",445,19.6611111111111,1977,33,39,51.82,76.14,99.51,329.52,392.66,841.83,18,21,23,25,27,29,33
"198",446,19.2416666666667,1985,25,35.1,129.43,60.44,70.62,226.83,238.87,1857.04,10,13,15,17,19,21,25
"57",447,NA,2000,10,NA,NA,NA,360.6,313.4,382.94,1445.76,NA,NA,0,2,4,6,10
"283",448,25.4777777777778,1970,40,287.95,321.17,1127.01,NA,1370.03,NA,411.87,25,28,30,32,34,36,40
"468",449,16.0833333333333,1983,23,NA,NA,209.23,70.62,NA,NA,NA,12,15,17,19,21,23,27
"479",450,NA,1982,24,309.4,NA,NA,NA,NA,NA,NA,13,16,18,20,22,24,28
"19",451,NA,1997,13,NA,603.51,804.56,1014.36,1410.02,2559.48,4609.43,NA,1,3,5,7,9,13
"353",452,16.9361111111111,1979,31,56.55,49.09,234.82,74.9,NA,NA,NA,16,19,21,23,25,27,31
"306",453,15.6277777777778,1994,16,NA,NA,NA,NA,NA,NA,169.42,1,4,6,8,10,12,16
"27",454,NA,1996,14,NA,141.52,203.01,231.12,295.02,526.11,4881.45,NA,2,4,6,8,10,14
"450",455,NA,2001,9,NA,NA,NA,945.88,NA,NA,NA,NA,NA,NA,1,3,5,9
"80",456,13.575,1993,17,35.1,129.43,60.44,70.62,84.23,349.57,144.46,2,5,7,9,11,13,17
"79",457,17.1305555555556,1981,29,103.35,51.82,NA,101.65,322.08,99.87,144.46,14,17,19,21,23,25,29
"295",458,19.5833333333333,1990,20,NA,NA,NA,NA,NA,NA,835.47,5,8,10,12,14,16,20
"4",459,NA,1996,14,NA,326.38,281.13,253.59,581.24,349.57,1614.97,NA,2,4,6,8,10,14
"364",460,21.1666666666667,1979,31,35.1,NA,237.14,104.86,NA,662.82,NA,16,19,21,23,25,27,31
"416",461,23.25,1973,33,NA,NA,86.03,354.17,NA,NA,NA,22,25,27,29,31,33,37
"296",462,18.7222222222222,1985,25,119.6,205.73,227.83,360.6,313.4,382.94,559.14,10,13,15,17,19,21,25
"405",463,NA,1995,11,80.6,NA,157.16,420.51,84.23,99.87,NA,0,3,5,7,9,11,15
"72",464,16.7694444444444,1992,18,80.6,92.38,71.6,326.35,583.08,NA,1754.9,3,6,8,10,12,14,18
"168",465,NA,1998,12,NA,NA,175.76,87.74,362.99,829.13,2680.32,NA,0,2,4,6,8,12
"354",466,19.2083333333333,1985,25,NA,62.74,82.76,150.87,338.43,349.57,NA,10,13,15,17,19,21,25
"475",467,20,1978,32,171.6,54.55,NA,NA,NA,NA,NA,17,20,22,24,26,28,32
"299",468,15.3055555555556,1994,16,NA,NA,NA,NA,NA,NA,2347.41,1,4,6,8,10,12,16
"338",469,NA,1998,12,NA,NA,79.04,92.02,125.15,142.96,NA,NA,0,2,4,6,8,12
"331",470,19.2833333333333,1977,33,89.7,138.01,NA,NA,2092.8,NA,NA,18,21,23,25,27,29,33
"472",471,16.9222222222222,1985,21,35.1,326.38,281.13,NA,NA,NA,NA,10,13,15,17,19,21,25
"102",472,20.4944444444444,1989,21,63.7,NA,NA,239.68,84.23,99.87,235.38,6,9,11,13,15,17,21
"459",473,NA,1993,13,NA,NA,NA,898.8,329.52,NA,NA,2,5,7,9,11,13,17
"381",474,15,1986,24,NA,NA,NA,NA,226.83,516.37,NA,9,12,14,16,18,20,24
"112",475,NA,1997,13,NA,106.03,NA,NA,294.8,530.77,1939.73,NA,1,3,5,7,9,13
"33",476,NA,2000,10,NA,NA,60.44,177.62,437.4,549.74,1267.19,NA,NA,0,2,4,6,10
"10",477,NA,1999,11,NA,NA,671.13,1954.89,2376.07,2958.41,4210.85,NA,NA,1,3,5,7,11
"251",478,16.5,1988,22,NA,57.28,60.44,70.62,324.56,137.41,480.63,7,10,12,14,16,18,22
"248",479,16.1305555555556,1985,25,545.35,517.87,529.16,945.88,84.23,3928.41,4353.47,10,13,15,17,19,21,25
"63",480,NA,2001,9,NA,NA,NA,93.09,118.95,137.41,614.33,NA,NA,NA,1,3,5,9
"302",481,28.3333333333333,1970,40,NA,103.69,358.36,704.06,893.95,349.57,NA,25,28,30,32,34,36,40
"96",482,17.1055555555556,1987,23,NA,259.69,NA,247.17,294.8,99.87,1634.78,8,11,13,15,17,19,23
"84",483,NA,1997,13,NA,49.09,234.82,74.9,141.89,99.87,144.46,NA,1,3,5,7,9,13
"217",484,19.9111111111111,1980,30,NA,NA,NA,1954.89,NA,1215.77,1819.39,15,18,20,22,24,26,30
"42",485,NA,2002,8,NA,NA,NA,70.62,749.88,1284.64,960.25,NA,NA,NA,0,2,4,8
"425",486,NA,1988,18,74.1,NA,NA,NA,NA,NA,NA,7,10,12,14,16,18,22
"384",487,20.8333333333333,1977,33,NA,175.31,227.83,322.07,NA,NA,NA,18,21,23,25,27,29,33
"25",488,NA,2001,9,NA,NA,NA,835.67,294.8,359.31,505.66,NA,NA,NA,1,3,5,9
"166",489,NA,1999,11,NA,NA,235.27,456.89,886.27,1087.65,891.75,NA,NA,1,3,5,7,11
"195",490,17.2972222222222,1983,27,NA,NA,NA,NA,294.8,NA,585.1,12,15,17,19,21,23,27
"319",491,NA,1995,15,NA,NA,NA,NA,NA,NA,NA,0,3,5,7,9,11,15
"259",492,16.7083333333333,1987,23,NA,NA,NA,NA,NA,NA,2640.95,8,11,13,15,17,19,23
"214",493,18.3555555555556,1978,32,NA,NA,NA,NA,NA,434.88,3548.7,17,20,22,24,26,28,32
"140",494,NA,1997,13,NA,129.43,339.44,70.62,152.43,2120.94,6571.19,NA,1,3,5,7,9,13
"284",495,NA,1998,12,NA,NA,NA,854.94,1370.03,NA,411.87,NA,0,2,4,6,8,12
